NameSpinner,Młody pająk prządka
AttackSpinner,Młody pająk prządka przebiega po twoim ciele; cienkie odnóża zostawiają kłujące łaskotanie.
AttackSpinnerBind,"Pająk owija nogi jedwabiem i pozostaje w pobliżu, aby dalej tkać. (+RestraintAdded)"
KillSpinner,Młody pająk prządka podkurcza cienkie odnóża i cofa się w cienie, aż znika.
NameJumper,Młody pająk skoczek
AttackJumper,Młody pająk skoczek nagle się zbliża; jego cienkie odnóża muskają ciało, wywołując kłujące łaskotanie.
AttackJumperBind,Młody pająk skoczek ląduje na tobie, ruchem napina swój jedwab i w okamgnieniu znika. (+RestraintAdded)
KillJumper,Młody pająk skoczek chwiejnym krokiem się cofa i szybko ginie w cieniach.
NameTunneler,Młody pająk kopacz
KillTunneler,Młody pająk kopacz znika, pozostawiając tylko kilka jedwabnych nici.
NameNestEntrance,Wejście do gniazda
KillNestEntrance,Wejście do gniazda zapada się. Cienkie nici odrywają się od brzegu i opadają na ziemię.
NameWebCaster,Młody pająk miotacz sieci
KillWebCaster,Młody pająk miotacz sieci kuli się i wycofuje w ciemność.
KinkyDungeonSpellSummonSpinner,Przywołaj prządkę
KinkyDungeonSummonSummonSpinner,Młody pająk prządka wychodzi z ciemności, ciągnąc nici między cienkimi odnóżami.
KinkyDungeonSpellCastSummonSpinner,Z ciemności dobiega cichy tupot; młody pająk prządka zaraz się pojawi.
KinkyDungeonSpellSummonJumper,Przywołaj skoczka
KinkyDungeonSummonSummonJumper,Młody pająk skoczek wyskakuje i lekko stawia cienkie odnóża na ziemi.
KinkyDungeonSpellCastSummonJumper,Z ciemności dobiega pospieszny szelest; młody pająk skoczek zaraz się pojawi.
KinkyDungeonSpellSpiderlingsJumperDash,Szarża skoczka
KinkyDungeonSpellCastSpiderlingsJumperDash,Młody pająk skoczek wpatruje się w ziemię pod tobą, obniża ciało i ciasno podkurcza odnóża.
KinkyDungeonSpellSummonWebCaster,Przywołaj miotacza sieci
KinkyDungeonSummonSummonWebCaster,Młody pająk miotacz sieci wychodzi, ciągnąc za sobą lepką nić.
KinkyDungeonSpellCastSummonWebCaster,Lepki jedwab wyciąga się z ciemności; młody pająk miotacz sieci zaraz się pojawi.
KinkyDungeonSpellSummonTunneler,Przywołaj kopacza
KinkyDungeonSummonSummonTunneler,Młody pająk kopacz wychodzi z ciemności i przemyka po ziemi.
KinkyDungeonSpellCastSummonTunneler,Z ciemności dobiega ciche skrobanie; młody pająk kopacz zaraz się pojawi.
KinkyDungeonSpellSummonNestEntrance,Wykop pajęcze gniazdo
KinkyDungeonSummonSummonNestEntrance,Ziemia pęka, odsłaniając otwór pokryty jedwabiem; pojawiło się nowe wejście do gniazda!
KinkyDungeonSpellCastSummonNestEntrance,Młody pająk kopacz przywiera do ziemi i kopie, a jedwab rozchodzi się wzdłuż szczelin!
KinkyDungeonSpellWebSpray,Strumień pajęczyny
KinkyDungeonSpellCastWebSpray,Młody pająk miotacz sieci wystrzeliwuje ku tobie wiązkę lepkiego jedwabiu; nici nagle rozwierają się w powietrzu!
KinkyDungeonSpellWebSprayDamage,Nadlatujący lepki jedwab trafia cię od przodu! (DamageDealt)
KinkyDungeonSpellWebSprayBind,Rozpylony jedwab przykleja się do ciała i splątuje w sieć!
KinkyDungeonSpellSpiderWeb,Pajęczyna na ziemi
KinkyDungeonSpellCastSpiderWeb,Lepkie nici opadają na ziemię, rozciągając wokół nieregularną sieć.
KinkyDungeonSpellSpiderWebDamage,Wchodzisz w pajęczynę, a lepkie nici oplatają ci stopy! (DamageDealt)
KinkyDungeonSpellSpiderWebBind,Wchodzisz w pajęczynę, a lepkie nitki przy stopach zaraz wspinają się po nich!
KDModButtonSpiderlings,Spiderlings
KinkyDungeonStatSpiderlingsSquad,Oddział młodych pająków
KinkyDungeonStatDescSpiderlingsSquad,"Na każdej nowej odpowiedniej zwykłej mapie pojawia się wrogi oddział: dwie prządki oraz po jednym kopaczu, miotaczu sieci, skoczku i magu. Potrzebne jest miejsce oraz wolne miejsca w limicie pająków."
KDModButtonspiderlingsSpinnerEncounters,Samodzielne spotkania z prządkami
KDModButtonspiderlingsNestSummonWeights,Wagi posiłków gniazda (0: wyłączone)
KDModButtonspiderlingsNestSpinnerWeight,Waga prządki
KDModButtonspiderlingsNestJumperWeight,Waga skoczka
KDModButtonspiderlingsNestWebCasterWeight,Waga miotacza sieci
KDModButtonspiderlingsNestTunnelerWeight,Waga kopacza
KDModButtonspiderlingsNestMageWeight,Waga pajęczego maga
KDModButtonspiderlingsNestReinforcementControl,Powtarzające się posiłki z gniazda
KDModButtonspiderlingsNestReinforcementCap,Żywe posiłki na gniazdo
KDModButtonspiderlingsNestReinforcementInterval,Odstęp sprawdzania posiłków (tury)
RestraintSpiderlingsWebbingLv1Arm,Jedwabne więzy ramion
RestraintSpiderlingsWebbingLv1ArmDesc,Kilka lepkich nici oplata nadgarstki i ściąga ramiona za plecy.
RestraintSpiderlingsWebbingLv1ArmDesc2,Między nićmi wciąż widać przerwy. Lekki ruch napina cienkie nici.
RestraintSpiderlingsWebbingLv1MittenLeft,Jedwabna rękawica · lewa
RestraintSpiderlingsWebbingLv1MittenLeftDesc,Cienki jedwab przylega do lewej dłoni, zbierając palce we wspólnej miękkiej osłonie.
RestraintSpiderlingsWebbingLv1MittenLeftDesc2,Opuszki dotykają puszystych włókien; z brzegu zwisa kilka luźnych nitek.
RestraintSpiderlingsWebbingLv1MittenRight,Jedwabna rękawica · prawa
RestraintSpiderlingsWebbingLv1MittenRightDesc,Cienki jedwab przylega do prawej dłoni, zbierając palce we wspólnej miękkiej osłonie.
RestraintSpiderlingsWebbingLv1MittenRightDesc2,Knykcie tworzą płytkie wypukłości, a lepkie nitki wiją się od grzbietu dłoni ku jej wnętrzu.
RestraintSpiderlingsWebbingLv1Belly,Jedwabna opaska na brzuch
RestraintSpiderlingsWebbingLv1BellyDesc,Wąska taśma lepkiego jedwabiu przylega do podbrzusza.
RestraintSpiderlingsWebbingLv1BellyDesc2,Drobne włókna na brzegach kołyszą się łagodnie wraz z ciałem.
RestraintSpiderlingsWebbingLv1Legs,Jedwabne więzy nóg
RestraintSpiderlingsWebbingLv1LegsDesc,Rzadkie nici przecinają złączone nogi, kreśląc między nimi cienkie nici.
RestraintSpiderlingsWebbingLv1LegsDesc2,Oczka sieci wciąż są wyraźne; pociągnięcie w jednym miejscu wprawia sąsiednie nici w drżenie.
RestraintSpiderlingsWebbingLv1Ankles,Jedwabne więzy kostek
RestraintSpiderlingsWebbingLv1AnklesDesc,Kilka nici krzyżuje się między kostkami, łagodnie je zbliżając.
RestraintSpiderlingsWebbingLv1AnklesDesc2,Nitki okrążają kostki i rozpinają między stopami wąski mostek.
RestraintSpiderlingsWebbingLv1Foot,Jedwabna osłona stóp
RestraintSpiderlingsWebbingLv1FootDesc,Cienki jedwab okrywa złączone stopy i skleja się wzdłuż ich brzegów.
RestraintSpiderlingsWebbingLv1FootDesc2,Drobne nici biegną po podbiciu; pod siecią wciąż wyraźnie widać zarys palców.
RestraintSpiderlingsWebbingLv1Blindfold,Jedwabna opaska na oczy
RestraintSpiderlingsWebbingLv1BlindfoldDesc,Cienka taśma jedwabiu przesłania oczy, przytłumiając światło i rozmywając odległe kształty.
RestraintSpiderlingsWebbingLv1BlindfoldDesc2,Brzegi przylegają do kącików oczu, a luźne nitki muskają policzki przy obrocie głowy.
RestraintSpiderlingsWebbingLv2Arm,Splecione więzy ramion
RestraintSpiderlingsWebbingLv2ArmDesc,Jedwab wielokrotnie oplata nadgarstki i ramiona; osobne nici zmieniły się w szerokie, grube pasy.
RestraintSpiderlingsWebbingLv2ArmDesc2,Przy skręcie ciała każda nitka napina całą sieć. Przy nadgarstkach tłoczą się lepkie węzły.
RestraintSpiderlingsWebbingLv2Belly,Spleciona opaska na brzuch
RestraintSpiderlingsWebbingLv2BellyDesc,Jedwab rozchodzi się po podbrzuszu, okrywając wąską taśmę grubym splotem.
RestraintSpiderlingsWebbingLv2BellyDesc2,Nowe i stare nici sklejają się ze sobą, a krzyżujące się wzory sięgają boków talii.
RestraintSpiderlingsWebbingLv2Legs,Splecione więzy nóg
RestraintSpiderlingsWebbingLv2LegsDesc,Gruby jedwab przecina nogi i zamienia przestrzeń między nimi w ciągłą sieć.
RestraintSpiderlingsWebbingLv2LegsDesc2,Dawniej otwarte oczka zwęziły się do szczelin; nakładające się pasy poruszają się wraz z nogami.
RestraintSpiderlingsWebbingLv2Ankles,Splecione więzy kostek
RestraintSpiderlingsWebbingLv2AnklesDesc,Jedwab raz po raz okrąża kostki, osłaniając skrzyżowane nici grubymi pierścieniami.
RestraintSpiderlingsWebbingLv2AnklesDesc2,Lepkie nitki łączą pierścienie; ruch kostek ciągnie splątane nici ku sobie.
RestraintSpiderlingsWebbingLv2Foot,Spleciona osłona stóp
RestraintSpiderlingsWebbingLv2FootDesc,Jedwab wielokrotnie pokrywa stopy, zamykając ich brzegi i podbicia w grubej sieci.
RestraintSpiderlingsWebbingLv2FootDesc2,Zarys palców się rozmył; na powierzchni zostały tylko zachodzące na siebie prążki jedwabiu.
RestraintSpiderlingsWebbingLv1Stuffing,Jedwabny wkład do ust
RestraintSpiderlingsWebbingLv1StuffingDesc,Miękki kłębek jedwabiu wypełnia usta, zamazując brzmienie słów.
RestraintSpiderlingsWebbingLv1StuffingDesc2,Za wargami zbierają się puszyste włókna, w których niedokończone słowa rozpadają się w niewyraźny pomruk.
RestraintSpiderlingsWebbingLv1Gag,Jedwabny knebel
RestraintSpiderlingsWebbingLv1GagDesc,Szeroka taśma jedwabiu zakrywa usta i tłumi głos.
RestraintSpiderlingsWebbingLv1GagDesc2,Lepkie nici biegną od kącików ust ku policzkom; na brzegach wciąż widać nakładające się pasma.
RestraintSpiderlingsWebbingLv3Arm,Zwarte więzy ramion
RestraintSpiderlingsWebbingLv3ArmDesc,Gęsty jedwab otacza ramiona za plecami i grzebie węzły przy nadgarstkach w grubej jedwabnej skorupie.
RestraintSpiderlingsWebbingLv3ArmDesc2,Skręty ciała wyciskają drobne zmarszczki na skorupie; dawnych szczelin nie sposób już znaleźć.
RestraintSpiderlingsWebbingLv3Belly,Zwarta opaska na brzuch
RestraintSpiderlingsWebbingLv3BellyDesc,Drobne nici leżą gęsto na sobie, otulając brzuch ciągłą skorupą.
RestraintSpiderlingsWebbingLv3BellyDesc2,Wzory splotu znikają w grubej powierzchni; przy ruchu ciała pojawiają się tylko płytkie fałdy.
RestraintSpiderlingsWebbingLv3Legs,Zwarte więzy nóg
RestraintSpiderlingsWebbingLv3LegsDesc,Jedwab całkowicie okrywa złączone nogi, wypełniając przerwy między nimi gęstymi jedwabnymi nićmi.
RestraintSpiderlingsWebbingLv3LegsDesc2,Kontury obu nóg zlewają się, a dawne pasy tkwią pod gładką osłoną.
RestraintSpiderlingsWebbingLv3Ankles,Zwarte więzy kostek
RestraintSpiderlingsWebbingLv3AnklesDesc,Gęsty jedwab zamyka kostki i splata sąsiednie pierścienie w osłonę bez szwów.
RestraintSpiderlingsWebbingLv3AnklesDesc2,Węzły i łączenia zniknęły; z ruchem zmieniają się tylko płytkie odciski przy kostkach.
RestraintSpiderlingsWebbingLv3Foot,Zwarta osłona stóp
RestraintSpiderlingsWebbingLv3FootDesc,Jedwab całkowicie otacza stopy, ukrywając szczegóły brzegów i podbić w grubej skorupie.
RestraintSpiderlingsWebbingLv3FootDesc2,Niezliczone nici zlewają się w jedwabną powierzchnię, pozostawiając tylko wspólny kształt stóp.
RestraintSpiderlingsWebbingLv3Blindfold,Zwarta opaska na oczy
RestraintSpiderlingsWebbingLv3BlindfoldDesc,Gęsty jedwab osłania oczy i grzebie brzegi opaski w nieprzerwanej jedwabnej powierzchni.
RestraintSpiderlingsWebbingLv3BlindfoldDesc2,Przy policzkach nie powiewają już luźne nitki; ciasna osłona obraca się z głową jako całość.
RestraintSpiderlingsWebbingLv3Gag,Zwarty jedwabny knebel
RestraintSpiderlingsWebbingLv3GagDesc,Gruby jedwab rozpościera się na ustach, okrywając splecioną sieć gęstą, ciągłą powierzchnią.
RestraintSpiderlingsWebbingLv3GagDesc2,Łączenia przy wargach zniknęły; stłumione dźwięki przenikają przez jedwab i wprawiają go w lekkie drżenie.
RestraintSpiderlingsWebbingLv3Hood,Zwarty jedwabny kaptur
RestraintSpiderlingsWebbingLv3HoodDesc,Nieprzejrzysty jedwab spływa od czubka głowy i zamyka ją całą w grubym kapturze.
RestraintSpiderlingsWebbingLv3HoodDesc2,Włosy i rysy twarzy znikają pod jedwabiem; zostaje tylko kontur kołyszący się z każdym ruchem.
RestraintSpiderlingsWebbingCocoon,Kokon pajęczego jedwabiu
RestraintSpiderlingsWebbingCocoonDesc,Gęsty jedwab otacza ciało grubym kokonem. Jego brzeg zbiera się pod ustami, pozostawiając górną część głowy na zewnątrz.
RestraintSpiderlingsWebbingCocoonDesc2,Lekki ruch układa miękką ścianę kokonu w płytkie fałdy, delikatnie napinając zachodzące na siebie nici.
KinkyDungeonSpiderlingsWebbingLv1Covered,"TargetLv1 leży pod TargetLv2. Najpierw zdejmij zewnętrzną warstwę, by dostać się do jedwabiu pod nią."
KinkyDungeonSpiderlingsCocoonAnchored,Młode pająki rozpinają sieci wokół kokonu i mocno przytwierdzają cię do miejsca!
KDMapMod_SpiderlingsHuntingGrounds,Teren łowiecki małych pająków
KinkyDungeonMapModSpiderlingsHuntingGrounds,Miękka pajęczyna pokrywa całe piętro. Małe pająki krążą między gniazdami, a szelest podąża za tobą wąskimi korytarzami.
KDEscapeMethod_SpiderlingsHuntingGrounds,Zniszcz oznaczone gniazda
KDEscapeMethodDesc_SpiderlingsHuntingGrounds,"Zniszcz pierwotne gniazda docelowe, by zejść niżej (czerwone znaczniki zadania na minimapie). Późniejsze gniazda się nie liczą."
SpiderlingsHuntingGroundsProgress,Zniszczone oznaczone gniazda: CURRENT/TARGET
SpiderlingsHuntingGroundsBlocked,"Zniszcz pierwotne gniazda docelowe, by zejść niżej: czerwone znaczniki zadania na minimapie. (CURRENT/TARGET)"
SpiderlingsHuntingGroundsComplete,Wszystkie gniazda pierwszych mieszkańców runęły. Przed tobą są schody prowadzące w głąb. (TARGET/TARGET)
KDModButtonspiderlingsPinkWebbing,Różowa pajęczyna (wył.: oryginalna)
KDModButtonspiderlingsEnableHood,Jedwabny kaptur pająków (wył.: nie zakładaj)
KinkyDungeonSpiderlingsWebbingInterwoven,Krzyżujące się nici zaciskają się i krępują kolejną część twojego ciała.
KinkyDungeonStruggleCutFailSpiderlingsWebbing,Przesuwasz ostrze wzdłuż szwu TargetRestraint.
KinkyDungeonStruggleCutFailSpiderlingsWebbingAroused,Przesuwasz ostrze wzdłuż szwu TargetRestraint.
KinkyDungeonStruggleCutSuccessSpiderlingsWebbing,Przecinasz ostatnie nici TargetRestraint. Strzępy pajęczyny odpadają.
KinkyDungeonStruggleStruggleFailSpiderlingsWebbing,Ciągniesz za TargetRestraint. Splot marszczy się przy twoich ruchach.
KinkyDungeonStruggleStruggleFailSpiderlingsWebbingAroused,Ciągniesz za TargetRestraint. Splot marszczy się przy twoich ruchach.
KinkyDungeonStruggleStruggleSuccessSpiderlingsWebbing,Uwalniasz się od ostatnich lepkich nici TargetRestraint i zbierasz poluzowaną pajęczynę.
KinkyDungeonStruggleRemoveFailSpiderlingsWebbing,"Skubiesz brzeg TargetRestraint, próbując rozdzielić sklejone nici."
KinkyDungeonStruggleRemoveFailSpiderlingsWebbingAroused,"Skubiesz brzeg TargetRestraint, próbując rozdzielić sklejone nici."
KinkyDungeonStruggleRemoveSuccessSpiderlingsWebbing,Zdejmujesz TargetRestraint i zbierasz luźne nici.
KinkyDungeonStruggleCutFailSpiderlingsCocoon,"Przesuwasz ostrze wzdłuż szwu TargetRestraint, dociskając je do utkanych warstw."
KinkyDungeonStruggleCutFailSpiderlingsCocoonAroused,"Przesuwasz ostrze wzdłuż szwu TargetRestraint, dociskając je do utkanych warstw."
KinkyDungeonStruggleCutSuccessSpiderlingsCocoon,Przecinasz ostatnie spojenie TargetRestraint. Zewnętrzna powłoka kokonu otwiera się.
KinkyDungeonStruggleStruggleFailSpiderlingsCocoon,Naciskasz na TargetRestraint. Na ścianie kokonu pojawiają się płytkie fałdy.
KinkyDungeonStruggleStruggleFailSpiderlingsCocoonAroused,Naciskasz na TargetRestraint. Na ścianie kokonu pojawiają się płytkie fałdy.
KinkyDungeonStruggleStruggleSuccessSpiderlingsCocoon,Rozpychasz zewnętrzną powłokę TargetRestraint i zbierasz luźny jedwab.
KinkyDungeonStruggleRemoveFailSpiderlingsCocoon,"Skubiesz brzeg TargetRestraint, próbując rozdzielić sklejone warstwy."
KinkyDungeonStruggleRemoveFailSpiderlingsCocoonAroused,"Skubiesz brzeg TargetRestraint, próbując rozdzielić sklejone warstwy."
KinkyDungeonStruggleRemoveSuccessSpiderlingsCocoon,Rozchylasz zewnętrzną powłokę TargetRestraint i zbierasz poluzowany kokon.
KDModButtonspiderlingsMapPopulationCap,Globalny limit ruchomych pajączków (0 wyłącza ten limit; piętra tematyczne zachowują swój limit)
KinkyDungeonStatSpiderlingsCocoonStart,Przebudzenie w jedwabiu
KinkyDungeonStatDescSpiderlingsCocoonStart,"Budzisz się w miękkim kokonie, otulona gęstymi warstwami pajęczego jedwabiu. Każdy drobny ruch napina nici przylegające do ciała."
KinkyDungeonSpellCastSpiderlingsJumperDashNPC,Młody pająk skoczek wpatruje się w ziemię pod przeciwnikiem i przyczaja się do skoku.
KDModButtonspiderlingsNestTunnelerCap,Łączny limit kopaczy na gniazdo (0: brak)
RestraintSpiderlingsSpinnerLegbinder,Jedwabny worek na nogi
RestraintSpiderlingsSpinnerLegbinderDesc,Jedwab otula nogi od miejsca nad kostkami po górną część ud.
RestraintSpiderlingsSpinnerLegbinderDesc2,Gęsty splot przylega do kształtu nóg, a miękki brzeg worka opiera się o uda.
SpiderlingsSpinnerPull,Wyrwij się · 10 wytrzymałości · 1 tura
SpiderlingsSpinnerContest,Prządki: {count} · tkanie +{rate}/turę
SpiderlingsSpinnerStart,"Nici otaczającej sieci ściągają twoje nogi razem. Możesz je szarpać, zanim jedwab całkiem cię otuli."
SpiderlingsSpinnerWin,"Wyrywasz się z nici, pozostawiając tkające prządki ogłuszone."
SpiderlingsSpinnerInterrupt,Tkanie przerwane. Możesz działać; utkany jedwab pozostaje.
SpiderlingsSpinnerTired,Potrzebujesz 10 wytrzymałości. Możesz czekać lub użyć mikstury.
SpiderlingsSpinnerWrap,Prządki zaczynają tkać jedwabny worek wokół twoich nóg.
SpiderlingsSpinnerDone,Jedwabny worek na nogi jest gotowy. Chodzenie w nim jest powolne.
NameSpiderlingsSilkAnchor,Węzeł pajęczyny
KillSpiderlingsSilkAnchor,Granica pajęczyny pęka.
SpiderlingsFieldPreparing,Prządki tkają sieć wokół pola. Wejście jest nadal otwarte.
SpiderlingsFieldReady,Część granicy jest połączona. Tkacze kontynuują budowę pola.
SpiderlingsFieldSprung,Pole schwytania jest zamknięte. Gracz wewnątrz może zostać schwytany.
SpiderlingsFieldBroken,"Węzeł sieci pęka. Tkanie ustaje, lecz jedwab już owinięty wokół ciebie pozostaje."
SpiderlingsFieldReset,Zresetuj pole testowe
SpiderlingsFieldJumper,Wypuść skoczka
SpiderlingsFieldStatus,Pole schwytania: {phase} · narożniki {count}/4 · połączenia {links}/4
SpiderlingsFieldPhasepreparing,Budowa
SpiderlingsFieldPhaseready,Łączenie
SpiderlingsFieldPhasesprung,Zamknięte
SpiderlingsFieldPhasebroken,Zniszczone
SpiderlingsFieldPhasecomplete,Ukończone
SpiderlingsSpinnerWeave,Więzy: {value}/100
SpiderlingsSpinnerEscape,Ucieczka: {value}/{goal}
SpiderlingsFieldAddSpinner,Dodaj prządkę
SpiderlingsFieldRebuild,Tkacze zaczną odbudowę za {turns} tur świata.
SpiderlingsFieldWaiting,Granica sieci jest gotowa. Zachodnie wejście pozostaje otwarte.
NameMageSpiderlings,Młody pająk mag
NameSpiderlingsSpinnerTrap,Granica pola schwytania
KillMageSpiderlings,Młody pająk mag podkurcza cienkie odnóża i cofa się w cienie.
KinkyDungeonSpellSpiderlingsMageBolt,Jedwabna kula
KinkyDungeonSpellCastSpiderlingsMageBolt,Młody pająk mag zbiera świecący jedwab w kulę i posyła ją przed siebie.
KinkyDungeonSpellSpiderlingsMageRune,Jedwabna runa
KinkyDungeonSpellCastSpiderlingsMageRune,Młody pająk mag kreśli świecącą runę na pobliskiej ziemi.
KinkyDungeonSpellSpiderlingsMageHex,Znak pożerający tarcze
KinkyDungeonSpellCastSpiderlingsMageHex,Młody pająk mag ściąga cienkie nici ku środkowi świecącego znaku.
KinkyDungeonSpellSpiderlingsMageCollapse,Zapadnięcie tysiąca nici
KinkyDungeonSpellCastSpiderlingsMageCollapse,"Jedwab zbiera się od brzegu oznaczonego obszaru ku środkowi, gotowy do wybuchu."
SpiderlingsNPCAdhesionInitial,Unieruchomiony
SpiderlingsNPCAdhesionFull,Spętany jedwabiem
SpiderlingsNPCAdhesionHelpless,Bezbronny
SpiderlingsNPCWrapping,Owijanie
KDMapMod_SpiderlingsInfestation,Inwazja małych pająków
KinkyDungeonMapModSpiderlingsInfestation,Jedwab pełznie po kątach, a w cieniach szelest odpowiada szelestowi. To miejsce od dawna ma innych mieszkańców.
KDEscapeMethod_SpiderlingsInfestation,Zniszcz oznaczone gniazda
KDEscapeMethodDesc_SpiderlingsInfestation,"Zniszcz pierwotne gniazda docelowe, by zejść niżej (czerwone znaczniki zadania na minimapie). Późniejsze gniazda się nie liczą."
SpiderlingsInfestationProgress,Zniszczone oznaczone gniazda: CURRENT/5
SpiderlingsInfestationBlocked,"Zniszcz pierwotne gniazda docelowe, by zejść niżej: czerwone znaczniki zadania na minimapie. (CURRENT/5)"
SpiderlingsInfestationComplete,Wszystkie gniazda pierwszych mieszkańców runęły. Przed tobą są schody prowadzące w głąb. (5/5)
KDModButtonspiderlingsInfestationWeight,Waga inwazji (0: wyłączona)
KDModButtonspiderlingsHuntingGroundsWeight,Waga łowiska - tylko Maidforce (0: wyłączone)
KinkyDungeonInventoryItemSpiderlingTome,Księga jedwabnych więzów
KinkyDungeonInventoryItemSpiderlingStaff,Kostur tkacza jedwabiu
KinkyDungeonSpecialSpiderlingTome,Splot kokonu
KinkyDungeonSpecialSpiderlingStaff,Jedwabna pętla
KinkyDungeonInventoryItemSpiderlingTomeDesc,Miękkie jedwabne nici przechodzą przez grzbiet i spoczywają na stronach.
KinkyDungeonInventoryItemSpiderlingStaffDesc,Delikatna sieć otula słaby blask na końcu kostura.
KinkyDungeonInventoryItemSpiderlingTomeDesc2,"Splot kokonu: krąg jedwabiu w zasięgu 6 pól zamyka się po dwóch kolejnych akcjach; najmocniej wiąże w środku. Użyj ponownie przed zamknięciem, aby osiągnąć najwyżej trzy poziomy. Każdy dodatkowy splot kosztuje manę i akcję oraz opóźnia zamknięcie o turę. W dowolnej ręce: +20% siły wiązania. Skuteczne trafienia mogą zwrócić wytrzymałość; pierwszy pełny kokon z tej nici dla danej ofiary może zwrócić ograniczoną ilość many."
KinkyDungeonInventoryItemSpiderlingStaffDesc2,"Jedwabna pętla: wystrzeliwuje nić na maksymalnie 6 pól, wiążąc i spowalniając pierwszy trafiony wrogi cel. Ściany zatrzymują nić. Skuteczne trafienia mogą zwrócić wytrzymałość; pierwszy pełny kokon z tej nici dla danej ofiary może zwrócić ograniczoną ilość many."
ItemPickupSpiderlingTome,Podnosisz księgę jedwabnych więzów.
ItemPickupSpiderlingStaff,Podnosisz kostur tkacza jedwabiu.
KDPrereqFailSpiderlingsCocoonConvergence,Musisz trzymać księgę w ręce i mieć dość many na tę warstwę. Po zamknięciu kręgu trzeba zaczekać na odnowienie przed utkaniem następnego.
KDPrereqFailSpiderlingsSilkenSnare,"Musisz trzymać laskę w ręce, mieć dość many i zaczekać na odnowienie."
KinkyDungeonSpellCastSpiderlingsCocoonConvergence,Tkasz krąg jedwabiu. Nici zaczynają ściągać się do środka.
KinkyDungeonSpellCastSpiderlingsSilkenSnare,Posyłasz lepką jedwabną nić w stronę celu.
KinkyDungeonSpellSpiderlingsCocoonConvergence,Splot kokonu
KinkyDungeonSpellSpiderlingsSilkenSnare,Jedwabna pętla
SpiderlingsDebugStairBypass,Debugowe pominięcie blokady schodów aktywne; oznaczone gniazda pozostają bez zmian.
RestraintSpiderlingsSilkLeash,Pajęcza jedwabna smycz
RestraintSpiderlingsSilkLeashDesc,Drobne jedwabne nici tworzą lekki sznur o łagodnym połysku.
RestraintSpiderlingsSilkLeashDesc2,"Gdy sznur się prostuje, jego drobne nici delikatnie się napinają; po rozluźnieniu układa się w miękki łuk."
SpiderlingsRecoveryAttached,Prządka przypina jedwabną nić ({count}/8). Przy następnej możliwej akcji może przyciągnąć cię z powrotem.
SpiderlingsRecoveryAttachBlocked,Jedwabnej smyczy nie da się przypiąć. Potrzebuje pasującej obroży lub jedwabnego worka na nogi; inne wyposażenie nie może jej blokować.
KinkyDungeonStruggleCutImpossibleSpiderlingsWebbing,"W obecnym stanie nie możesz przeciąć TargetRestraint."
KinkyDungeonStruggleCutImpossibleSpiderlingsWebbingAroused,"W obecnym stanie nie możesz przeciąć TargetRestraint."
KinkyDungeonStruggleCutImpossibleBoundSpiderlingsWebbing,"Pozostałe więzy nie pozwalają ci trzymać ostrza dość mocno, by przeciąć TargetRestraint."
KinkyDungeonStruggleCutImpossibleBoundSpiderlingsWebbingAroused,"Pozostałe więzy nie pozwalają ci trzymać ostrza dość mocno, by przeciąć TargetRestraint."
KinkyDungeonStruggleStruggleImpossibleSpiderlingsWebbing,"W obecnym stanie nie możesz wyrwać się z TargetRestraint."
KinkyDungeonStruggleStruggleImpossibleSpiderlingsWebbingAroused,"W obecnym stanie nie możesz wyrwać się z TargetRestraint."
KinkyDungeonStruggleStruggleImpossibleBoundSpiderlingsWebbing,"Pozostałe więzy są zbyt ciasne, by pozwolić ci wyswobodzić się z TargetRestraint."
KinkyDungeonStruggleStruggleImpossibleBoundSpiderlingsWebbingAroused,"Pozostałe więzy są zbyt ciasne, by pozwolić ci wyswobodzić się z TargetRestraint."
KinkyDungeonStruggleRemoveImpossibleSpiderlingsWebbing,"W obecnym stanie nie możesz poluzować TargetRestraint."
KinkyDungeonStruggleRemoveImpossibleSpiderlingsWebbingAroused,"W obecnym stanie nie możesz poluzować TargetRestraint."
KinkyDungeonStruggleRemoveImpossibleBoundSpiderlingsWebbing,"Pozostałe więzy uniemożliwiają ci rozluźnienie TargetRestraint."
KinkyDungeonStruggleRemoveImpossibleBoundSpiderlingsWebbingAroused,"Pozostałe więzy uniemożliwiają ci rozluźnienie TargetRestraint."
SpiderlingsRecoveryStand,Zaprzyj się ({cost} wytrzymałości)
SpiderlingsRecoverySelect,Nić {number}/{count}
SpiderlingsRecoveryCut,Przetnij ({cost})
SpiderlingsRecoveryRemove,Rozwiąż ({cost})
SpiderlingsRecoveryStruggle,Szarp się ({cost})
SpiderlingsRecoveryStrandLoosened,Luzujesz wybraną jedwabną nić.
SpiderlingsRecoveryStrandSevered,Uwalniasz się od wybranej jedwabnej nici.
KinkyDungeonSpellDescription2SpiderlingsCocoonConvergence,"Każda dodatkowa warstwa kosztuje bazowo 20 many. Siła więzów: 1 / 1,5 / 4,5; odnowienie od pierwszego splotu: 8 / 9 / 12 tur. Skuteczne trafienia zwracają 6 wytrzymałości raz na krąg. Pierwszy pełny jedwabny kokon danej ofiary zwraca manę: do połowy zapłaconej many i najwyżej 20 łącznie na krąg."
KinkyDungeonSpellDescriptionSpiderlingsCocoonConvergence,"Utkaj krąg jedwabiu w odległości do 6 pól. Zamyka się po dwóch kolejnych działaniach, wiążąc mocniej bliżej środka. Użyj tej zdolności ponownie, by wzmocnić ten sam splot do trzech poziomów. Każda dodatkowa warstwa kosztuje manę i jedno działanie oraz opóźnia zamknięcie o turę. Ściany zatrzymują jedwab."
KinkyDungeonSpellDescriptionSpiderlingsSilkenSnare,Wyślij lepki jedwab do 6 pól w stronę pierwszego wrogiego celu. Nić wiąże i spowalnia ofiarę; ściany ją zatrzymują. Odnowienie: 3 tury. Skuteczne trafienie zwraca 6 wytrzymałości. Pierwszy pełny jedwabny kokon danej ofiary zwraca do połowy zapłaconej many.
KDSpiderlingsWeaponSustainSpiderlingTome,"+20% siły więzów w głównej lub drugiej ręce. Skuteczne trafienia wręcz zwracają 20% zapłaconej wytrzymałości, z wartością bazową do 3. Pierwszy jedwabny kokon każdej ofiary utworzony w walce wręcz zwraca jednorazowo bazowe 7,5 many."
KDSpiderlingsWeaponSustainSpiderlingStaff,"Skuteczne trafienia wręcz zwracają 20% zapłaconej wytrzymałości, z wartością bazową do 6. Pierwszy jedwabny kokon każdej ofiary utworzony w walce wręcz zwraca jednorazowo bazowe 7,5 many."
KDSpiderlingsWeaponWeaveStatus,Splot STAGE/3. Następny koszt many: COST. Nowy krąg za COOLDOWN tur.
