NameSpinner,Паучонок-прядильщик
AttackSpinner,Паучонок-прядильщик быстро ползает по твоему телу; тонкие лапки оставляют колючий зуд.
AttackSpinnerBind,"Паучок обвивает ноги шёлком и остаётся рядом, продолжая плести. (+RestraintAdded)"
KillSpinner,Паучонок-прядильщик подбирает тонкие лапки, пятится в тень и исчезает.
NameJumper,Паучонок-прыгун
AttackJumper,Паучонок-прыгун внезапно бросается ближе; тонкие лапки задевают тело, вызывая колючий зуд.
AttackJumperBind,Паучонок-прыгун приземляется на тебя, рывком затягивает шёлк и в следующий миг исчезает. (+RestraintAdded)
KillJumper,Паучонок-прыгун спотыкаясь отступает и вскоре скрывается в тени.
NameTunneler,Паучонок-землекоп
KillTunneler,Паучонок-землекоп исчезает, оставляя на месте лишь несколько шёлковых нитей.
NameNestEntrance,Вход в гнездо
KillNestEntrance,Вход в гнездо обрушивается. Тонкие нити отделяются от края и падают на землю.
NameWebCaster,Паучонок-плеватель
KillWebCaster,Паучонок-плеватель съёживается и отступает в темноту.
KinkyDungeonSpellSummonSpinner,Призвать прядильщика
KinkyDungeonSummonSummonSpinner,Паучонок-прядильщик выползает из темноты, протягивая шёлковые нити между тонкими лапками.
KinkyDungeonSpellCastSummonSpinner,Из темноты доносится тихий топот; вот-вот появится паучонок-прядильщик.
KinkyDungeonSpellSummonJumper,Призвать прыгуна
KinkyDungeonSummonSummonJumper,Паучонок-прыгун выскакивает наружу и легко опускает тонкие лапки на землю.
KinkyDungeonSpellCastSummonJumper,Из темноты доносится торопливый шорох; вот-вот появится паучонок-прыгун.
KinkyDungeonSpellSpiderlingsJumperDash,Прыжковая атака прыгуна
KinkyDungeonSpellCastSpiderlingsJumperDash,Паучонок-прыгун впивается взглядом в землю у твоих ног, припадает к ней и тесно подбирает тонкие лапки.
KinkyDungeonSpellSummonWebCaster,Призвать плевателя
KinkyDungeonSummonSummonWebCaster,Паучонок-плеватель выползает наружу, волоча за собой липкую нить.
KinkyDungeonSpellCastSummonWebCaster,Из темноты тянется липкий шёлк; вот-вот появится паучонок-плеватель.
KinkyDungeonSpellSummonTunneler,Призвать землекопа
KinkyDungeonSummonSummonTunneler,Паучонок-землекоп выбирается из темноты и шуршит по земле.
KinkyDungeonSpellCastSummonTunneler,Из темноты доносится тихое скребущее шуршание; вот-вот появится паучонок-землекоп.
KinkyDungeonSpellSummonNestEntrance,Выкопать паучье гнездо
KinkyDungeonSummonSummonNestEntrance,Земля раскалывается, открывая покрытую шёлком дыру; появился новый вход в гнездо!
KinkyDungeonSpellCastSummonNestEntrance,Паучонок-землекоп припадает к земле и роет, а по трещинам расползается шёлк!
KinkyDungeonSpellWebSpray,Струя паутины
KinkyDungeonSpellCastWebSpray,Паучонок-плеватель выпрыскивает к тебе пучок липкого шёлка; нити внезапно раскрываются в воздухе!
KinkyDungeonSpellWebSprayDamage,Летящий липкий шёлк опутывает тебя спереди! (DamageDealt)
KinkyDungeonSpellWebSprayBind,Выброшенный шёлк липнет к телу и сплетается в паутину!
KinkyDungeonSpellSpiderWeb,Паутина на земле
KinkyDungeonSpellCastSpiderWeb,Липкие нити опускаются на землю, расстилая вокруг неровную паутину.
KinkyDungeonSpellSpiderWebDamage,Ты ступаешь в паутину, и липкие нити обвивают стопы! (DamageDealt)
KinkyDungeonSpellSpiderWebBind,Ты ступаешь в паутину, и липкие нити у ног тут же начинают обвиваться вокруг них!
KDModButtonSpiderlings,Spiderlings
KinkyDungeonStatSpiderlingsSquad,Отряд паучат
KinkyDungeonStatDescSpiderlingsSquad,"На каждой новой подходящей обычной карте появляется враждебный отряд: два прядильщика и по одному землекопу, плевателю, прыгуну и магу. Нужны свободное место и места в лимите паучат."
KDModButtonspiderlingsSpinnerEncounters,Самостоятельные встречи с прядильщиками
KDModButtonspiderlingsNestSummonWeights,Веса подкреплений гнезда (0: отключено)
KDModButtonspiderlingsNestSpinnerWeight,Вес прядильщика
KDModButtonspiderlingsNestJumperWeight,Вес прыгуна
KDModButtonspiderlingsNestWebCasterWeight,Вес плевателя
KDModButtonspiderlingsNestTunnelerWeight,Вес землекопа
KDModButtonspiderlingsNestMageWeight,Вес паучьего мага
KDModButtonspiderlingsNestReinforcementControl,Повторные подкрепления гнезда
KDModButtonspiderlingsNestReinforcementCap,Живые подкрепления на гнездо
KDModButtonspiderlingsNestReinforcementInterval,Интервал проверки подкреплений (ходы)
RestraintSpiderlingsWebbingLv1Arm,Шёлковые путы на руки
RestraintSpiderlingsWebbingLv1ArmDesc,Несколько липких нитей обвивают запястья, стягивая руки за спиной.
RestraintSpiderlingsWebbingLv1ArmDesc2,Между нитями ещё видны просветы. Стоит чуть повернуться, и тонкие нити натягиваются.
RestraintSpiderlingsWebbingLv1MittenLeft,Шёлковая варежка · левая
RestraintSpiderlingsWebbingLv1MittenLeftDesc,Тонкий шёлк прилипает к левой ладони, собирая пальцы под общей мягкой оболочкой.
RestraintSpiderlingsWebbingLv1MittenLeftDesc2,Кончики пальцев упираются в пушистые волокна; с края свисает несколько свободных нитей.
RestraintSpiderlingsWebbingLv1MittenRight,Шёлковая варежка · правая
RestraintSpiderlingsWebbingLv1MittenRightDesc,Тонкий шёлк прилипает к правой ладони, собирая пальцы под общей мягкой оболочкой.
RestraintSpiderlingsWebbingLv1MittenRightDesc2,Костяшки образуют неглубокие бугорки, а липкие нити огибают кисть и тянутся к ладони.
RestraintSpiderlingsWebbingLv1Belly,Шёлковая обмотка живота
RestraintSpiderlingsWebbingLv1BellyDesc,Узкая полоса липкого шёлка облегает низ живота.
RestraintSpiderlingsWebbingLv1BellyDesc2,Тонкие ворсинки по краям чуть колышутся в такт движениям тела.
RestraintSpiderlingsWebbingLv1Legs,Шёлковые путы на ноги
RestraintSpiderlingsWebbingLv1LegsDesc,Редкие нити пересекают сведённые ноги, протягивая между ними тонкие нити.
RestraintSpiderlingsWebbingLv1LegsDesc2,Ячейки ещё отчётливо видны; потянешь в одном месте — дрожат и соседние нити.
RestraintSpiderlingsWebbingLv1Ankles,Шёлковые путы на щиколотки
RestraintSpiderlingsWebbingLv1AnklesDesc,Несколько нитей перекрещиваются между щиколотками, мягко сводя их вместе.
RestraintSpiderlingsWebbingLv1AnklesDesc2,Нити огибают щиколотки и натягиваются узким мостиком между стопами.
RestraintSpiderlingsWebbingLv1Foot,Шёлковая оболочка стоп
RestraintSpiderlingsWebbingLv1FootDesc,Тонкий шёлк укрывает сведённые стопы, слипаясь по их краям.
RestraintSpiderlingsWebbingLv1FootDesc2,Тонкие нити расходятся по подъёмам; под паутиной ещё ясно видны очертания пальцев.
RestraintSpiderlingsWebbingLv1Blindfold,Шёлковая повязка на глаза
RestraintSpiderlingsWebbingLv1BlindfoldDesc,Тонкая полоса шёлка прикрывает глаза, смягчая свет и размывая далёкие очертания.
RestraintSpiderlingsWebbingLv1BlindfoldDesc2,Края липнут у уголков глаз, а свободные нити касаются щёк при поворотах головы.
RestraintSpiderlingsWebbingLv2Arm,Плетёные путы на руки
RestraintSpiderlingsWebbingLv2ArmDesc,Шёлк снова и снова проходит между запястьями и руками; отдельные нити сплелись в широкие толстые ленты.
RestraintSpiderlingsWebbingLv2ArmDesc2,При движении каждая нить натягивает всю паутину. У запястий теснятся липкие узлы.
RestraintSpiderlingsWebbingLv2Belly,Плетёная обмотка живота
RestraintSpiderlingsWebbingLv2BellyDesc,Шёлк расходится по низу живота, укрывая узкую ленту толстой обмоткой.
RestraintSpiderlingsWebbingLv2BellyDesc2,Новые и старые нити слипаются, а перекрещенные узоры доходят до боков талии.
RestraintSpiderlingsWebbingLv2Legs,Плетёные путы на ноги
RestraintSpiderlingsWebbingLv2LegsDesc,Толстый шёлк пересекает ноги, затягивая пространство между ними сплошной паутиной.
RestraintSpiderlingsWebbingLv2LegsDesc2,Прежние ячейки сузились до небольших щелей; перекрывающиеся ленты движутся вместе с ногами.
RestraintSpiderlingsWebbingLv2Ankles,Плетёные путы на щиколотки
RestraintSpiderlingsWebbingLv2AnklesDesc,Шёлк многократно обвивает щиколотки, укрывая пересечённые нити толстыми кольцами.
RestraintSpiderlingsWebbingLv2AnklesDesc2,Липкие нити соединяют кольца; движение щиколоток заставляет спутанные нити тянуть друг друга.
RestraintSpiderlingsWebbingLv2Foot,Плетёная оболочка стоп
RestraintSpiderlingsWebbingLv2FootDesc,Шёлк снова и снова ложится на стопы, заключая края и подъёмы в толстую паутину.
RestraintSpiderlingsWebbingLv2FootDesc2,Очертания пальцев расплылись; на поверхности остались лишь перекрывающиеся шёлковые бороздки.
RestraintSpiderlingsWebbingLv1Stuffing,Шёлковая набивка для рта
RestraintSpiderlingsWebbingLv1StuffingDesc,Мягкий комок шёлка заполняет рот, размывая прежде чёткие слова.
RestraintSpiderlingsWebbingLv1StuffingDesc2,За губами собираются пушистые волокна, превращая недоговорённые слова в невнятное бормотание.
RestraintSpiderlingsWebbingLv1Gag,Шёлковый кляп
RestraintSpiderlingsWebbingLv1GagDesc,Широкая полоса шёлка закрывает рот, приглушая голос.
RestraintSpiderlingsWebbingLv1GagDesc2,Липкие нити тянутся от уголков губ к щекам; по краям ещё различимы отдельные пряди.
RestraintSpiderlingsWebbingLv3Arm,Плотные путы на руки
RestraintSpiderlingsWebbingLv3ArmDesc,Плотный шёлк целиком укрывает руки за спиной, погребая узлы у запястий в толстой шёлковой оболочке.
RestraintSpiderlingsWebbingLv3ArmDesc2,Движения лишь продавливают мелкие складки; прежних просветов больше не найти.
RestraintSpiderlingsWebbingLv3Belly,Плотная обмотка живота
RestraintSpiderlingsWebbingLv3BellyDesc,Тонкие нити густо ложатся друг на друга, заключая живот в непрерывную оболочку.
RestraintSpiderlingsWebbingLv3BellyDesc2,Узоры плетения тонут в толстой поверхности; при движении тела проступают только неглубокие складки.
RestraintSpiderlingsWebbingLv3Legs,Плотные путы на ноги
RestraintSpiderlingsWebbingLv3LegsDesc,Шёлк полностью укрывает сведённые ноги, заполняя просветы между ними густыми шёлковыми нитями.
RestraintSpiderlingsWebbingLv3LegsDesc2,Очертания обеих ног сливаются; прежние ленты скрылись под гладкой оболочкой.
RestraintSpiderlingsWebbingLv3Ankles,Плотные путы на щиколотки
RestraintSpiderlingsWebbingLv3AnklesDesc,Густой шёлк окружает щиколотки, сплетая соседние кольца в бесшовную оболочку.
RestraintSpiderlingsWebbingLv3AnklesDesc2,Узлы и стыки исчезли; при движении меняются лишь неглубокие вмятины у щиколоток.
RestraintSpiderlingsWebbingLv3Foot,Плотная оболочка стоп
RestraintSpiderlingsWebbingLv3FootDesc,Шёлк полностью заключает стопы в толстую оболочку, скрывая подробности краёв и подъёмов.
RestraintSpiderlingsWebbingLv3FootDesc2,Бесчисленные нити сливаются в сплошную поверхность, оставляя лишь общую форму сведённых стоп.
RestraintSpiderlingsWebbingLv3Blindfold,Плотная повязка на глаза
RestraintSpiderlingsWebbingLv3BlindfoldDesc,Густой шёлк закрывает глаза, погребая края повязки в непрерывной шёлковой поверхности.
RestraintSpiderlingsWebbingLv3BlindfoldDesc2,У щёк больше не колышутся свободные нити; плотно прилегающая оболочка поворачивается вместе с головой.
RestraintSpiderlingsWebbingLv3Gag,Плотный шёлковый кляп
RestraintSpiderlingsWebbingLv3GagDesc,Толстый шёлк закрывает рот, укрывая переплетённую паутину плотной сплошной поверхностью.
RestraintSpiderlingsWebbingLv3GagDesc2,Стыки у губ исчезли; глухие звуки проходят сквозь шёлк, вызывая едва заметную дрожь.
RestraintSpiderlingsWebbingLv3Hood,Плотный шёлковый капюшон
RestraintSpiderlingsWebbingLv3HoodDesc,Непрозрачный шёлк спускается от макушки и заключает всю голову в толстый капюшон.
RestraintSpiderlingsWebbingLv3HoodDesc2,Волосы и черты лица скрываются под шёлковыми нитями; остаётся лишь покачивающийся силуэт.
RestraintSpiderlingsWebbingCocoon,Кокон из паучьего шёлка
RestraintSpiderlingsWebbingCocoonDesc,Плотный шёлк оборачивает тело толстым коконом. Край сходится подо ртом, оставляя верхнюю часть головы снаружи.
RestraintSpiderlingsWebbingCocoonDesc2,При лёгком движении мягкая стенка кокона собирается в неглубокие складки, слегка натягивая переплетённые нити.
KinkyDungeonSpiderlingsWebbingLv1Covered,"TargetLv1 скрывается под TargetLv2. Сначала сними внешний слой, чтобы добраться до шёлка под ним."
KinkyDungeonSpiderlingsCocoonAnchored,Паучата протягивают паутину вокруг кокона и крепко пришпиливают тебя к месту!
KDMapMod_SpiderlingsHuntingGrounds,Охотничьи угодья паучат
KinkyDungeonMapModSpiderlingsHuntingGrounds,Мягкая паутина тянется по всему этажу. Паучата снуют между гнёздами, и шорох следует за тобой по узким проходам.
KDEscapeMethod_SpiderlingsHuntingGrounds,Уничтожить отмеченные гнёзда
KDEscapeMethodDesc_SpiderlingsHuntingGrounds,Уничтожь исходные целевые гнёзда для спуска (красные метки задания на мини-карте). Новые гнёзда не учитываются.
SpiderlingsHuntingGroundsProgress,Уничтожено отмеченных гнёзд: CURRENT/TARGET
SpiderlingsHuntingGroundsBlocked,Уничтожь исходные целевые гнёзда для спуска: красные метки задания на мини-карте. (CURRENT/TARGET)
SpiderlingsHuntingGroundsComplete,Все гнёзда первых обитателей обрушились. Перед тобой лестница, ведущая в глубину. (TARGET/TARGET)
KDModButtonspiderlingsPinkWebbing,Розовая паутина (выкл.: исходная)
KDModButtonspiderlingsEnableHood,Шёлковый капюшон пауков (выкл.: не надевать)
KinkyDungeonSpiderlingsWebbingInterwoven,Переплетённые нити стягиваются и опутывают ещё одну часть твоего тела.
KinkyDungeonStruggleCutFailSpiderlingsWebbing,Ты ведёшь лезвие вдоль шва TargetRestraint.
KinkyDungeonStruggleCutFailSpiderlingsWebbingAroused,Ты ведёшь лезвие вдоль шва TargetRestraint.
KinkyDungeonStruggleCutSuccessSpiderlingsWebbing,Ты перерезаешь последние нити TargetRestraint. Клочья паутины осыпаются.
KinkyDungeonStruggleStruggleFailSpiderlingsWebbing,Ты тянешь TargetRestraint. Плетение собирается в складки от твоих движений.
KinkyDungeonStruggleStruggleFailSpiderlingsWebbingAroused,Ты тянешь TargetRestraint. Плетение собирается в складки от твоих движений.
KinkyDungeonStruggleStruggleSuccessSpiderlingsWebbing,Ты вырываешься из последних липких нитей TargetRestraint и собираешь освободившуюся паутину.
KinkyDungeonStruggleRemoveFailSpiderlingsWebbing,"Ты поддеваешь край TargetRestraint, пытаясь разделить слипшиеся нити."
KinkyDungeonStruggleRemoveFailSpiderlingsWebbingAroused,"Ты поддеваешь край TargetRestraint, пытаясь разделить слипшиеся нити."
KinkyDungeonStruggleRemoveSuccessSpiderlingsWebbing,Ты снимаешь TargetRestraint и собираешь освободившиеся нити.
KinkyDungeonStruggleCutFailSpiderlingsCocoon,"Ты ведёшь лезвие вдоль шва TargetRestraint, прижимая его к слоям шёлка."
KinkyDungeonStruggleCutFailSpiderlingsCocoonAroused,"Ты ведёшь лезвие вдоль шва TargetRestraint, прижимая его к слоям шёлка."
KinkyDungeonStruggleCutSuccessSpiderlingsCocoon,Ты перерезаешь последний шов TargetRestraint. Наружная оболочка кокона раскрывается.
KinkyDungeonStruggleStruggleFailSpiderlingsCocoon,Ты давишь на TargetRestraint. По стенке кокона проходят неглубокие складки.
KinkyDungeonStruggleStruggleFailSpiderlingsCocoonAroused,Ты давишь на TargetRestraint. По стенке кокона проходят неглубокие складки.
KinkyDungeonStruggleStruggleSuccessSpiderlingsCocoon,Ты раздвигаешь наружную оболочку TargetRestraint и собираешь свободный шёлк.
KinkyDungeonStruggleRemoveFailSpiderlingsCocoon,"Ты поддеваешь край TargetRestraint, пытаясь разделить слипшиеся слои шёлка."
KinkyDungeonStruggleRemoveFailSpiderlingsCocoonAroused,"Ты поддеваешь край TargetRestraint, пытаясь разделить слипшиеся слои шёлка."
KinkyDungeonStruggleRemoveSuccessSpiderlingsCocoon,Ты снимаешь наружную оболочку TargetRestraint и собираешь ослабленный кокон.
KDModButtonspiderlingsMapPopulationCap,Общий предел подвижных паучков (0 снимает этот предел; тематические этажи сохраняют свой бюджет)
KinkyDungeonStatSpiderlingsCocoonStart,Пробуждение в коконе
KinkyDungeonStatDescSpiderlingsCocoonStart,"Ты просыпаешься в мягком коконе, укрытая плотными слоями паучьего шёлка. При каждом движении натягиваются нити, прилегающие к телу."
KinkyDungeonSpellCastSpiderlingsJumperDashNPC,Паучонок-прыгун смотрит под ноги противнику и припадает к земле перед прыжком.
KDModButtonspiderlingsNestTunnelerCap,Всего землекопов на гнездо (0: не призывать)
RestraintSpiderlingsSpinnerLegbinder,Шёлковый мешок для ног
RestraintSpiderlingsSpinnerLegbinderDesc,Шёлк охватывает ноги от места над щиколотками до верхней части бёдер.
RestraintSpiderlingsSpinnerLegbinderDesc2,Плотное плетение повторяет очертания ног, а мягкий край мешка прилегает к бёдрам.
SpiderlingsSpinnerPull,Разорвать нити · 10 выносливости · 1 ход
SpiderlingsSpinnerContest,Прядильщики: {count} · плетение +{rate}/ход
SpiderlingsSpinnerStart,"Нити окружающей паутины сводят твои ноги вместе. Ты можешь тянуть их, пока шёлк не окутал тебя полностью."
SpiderlingsSpinnerWin,"Ты вырываешься из нитей, оставляя плетущих прядильщиков оглушёнными."
SpiderlingsSpinnerInterrupt,Плетение прервано. Можно действовать; уже сплетённый шёлк остаётся.
SpiderlingsSpinnerTired,Нужно 10 выносливости. Можно подождать или выпить зелье.
SpiderlingsSpinnerWrap,Прядильщики начинают плести шёлковый мешок вокруг твоих ног.
SpiderlingsSpinnerDone,Шёлковый мешок для ног готов. Ходить в нём приходится медленно.
NameSpiderlingsSilkAnchor,Узел паутины
KillSpiderlingsSilkAnchor,Граница паутины рвётся.
SpiderlingsFieldPreparing,Прядильщики плетут паутину по краям ловушки. Вход ещё открыт.
SpiderlingsFieldReady,Часть границы соединена. Паучки продолжают строить поле захвата.
SpiderlingsFieldSprung,Поле захвата замкнуто. Игрок внутри может быть пойман.
SpiderlingsFieldBroken,"Узел паутины рвётся. Плетение останавливается, но уже намотанный на тебя шёлк остаётся."
SpiderlingsFieldReset,Сбросить испытательное поле
SpiderlingsFieldJumper,Выпустить прыгуна
SpiderlingsFieldStatus,Поле захвата: {phase} · углы {count}/4 · связи {links}/4
SpiderlingsFieldPhasepreparing,Строится
SpiderlingsFieldPhaseready,Соединение
SpiderlingsFieldPhasesprung,Замкнуто
SpiderlingsFieldPhasebroken,Разрушено
SpiderlingsFieldPhasecomplete,Завершено
SpiderlingsSpinnerWeave,Путы: {value}/100
SpiderlingsSpinnerEscape,Освобождение: {value}/{goal}
SpiderlingsFieldAddSpinner,Добавить прядильщика
SpiderlingsFieldRebuild,Паучки начнут строить заново через {turns} ходов мира.
SpiderlingsFieldWaiting,Граница паутины готова. Западный вход остаётся открытым.
NameMageSpiderlings,Паучонок-маг
NameSpiderlingsSpinnerTrap,Граница поля захвата
KillMageSpiderlings,Паучонок-маг подбирает тонкие лапки и отступает в тень.
KinkyDungeonSpellSpiderlingsMageBolt,Шёлковый шар
KinkyDungeonSpellCastSpiderlingsMageBolt,Паучонок-маг собирает светящийся шёлк в шар и посылает его вперёд.
KinkyDungeonSpellSpiderlingsMageRune,Шёлковая руна
KinkyDungeonSpellCastSpiderlingsMageRune,Паучонок-маг рисует светящуюся руну на земле неподалёку.
KinkyDungeonSpellSpiderlingsMageHex,Знак поглощения щита
KinkyDungeonSpellCastSpiderlingsMageHex,Паучонок-маг стягивает тонкие нити к центру светящегося знака.
KinkyDungeonSpellSpiderlingsMageCollapse,Обвал тысячи нитей
KinkyDungeonSpellCastSpiderlingsMageCollapse,"Шёлк стягивается от края отмеченной области к центру, готовясь вспыхнуть."
SpiderlingsNPCAdhesionInitial,Обездвижен
SpiderlingsNPCAdhesionFull,Опутан шёлком
SpiderlingsNPCAdhesionHelpless,Беспомощен
SpiderlingsNPCWrapping,Опутывание
KDMapMod_SpiderlingsInfestation,Нашествие паучат
KinkyDungeonMapModSpiderlingsInfestation,Шёлк расползается по углам, и в тени шорох отвечает шороху. У этого места давно появились другие обитатели.
KDEscapeMethod_SpiderlingsInfestation,Уничтожить отмеченные гнёзда
KDEscapeMethodDesc_SpiderlingsInfestation,Уничтожь исходные целевые гнёзда для спуска (красные метки задания на мини-карте). Новые гнёзда не учитываются.
SpiderlingsInfestationProgress,Уничтожено отмеченных гнёзд: CURRENT/5
SpiderlingsInfestationBlocked,Уничтожь исходные целевые гнёзда для спуска: красные метки задания на мини-карте. (CURRENT/5)
SpiderlingsInfestationComplete,Все гнёзда первых обитателей обрушились. Перед тобой лестница, ведущая в глубину. (5/5)
KDModButtonspiderlingsInfestationWeight,Вес нашествия (0: выкл.)
KDModButtonspiderlingsHuntingGroundsWeight,Вес охотничьих угодий - только Maidforce (0: выкл.)
KinkyDungeonInventoryItemSpiderlingTome,Книга шёлковых уз
KinkyDungeonInventoryItemSpiderlingStaff,Посох ткача шёлка
KinkyDungeonSpecialSpiderlingTome,Схождение кокона
KinkyDungeonSpecialSpiderlingStaff,Шёлковая петля
KinkyDungeonInventoryItemSpiderlingTomeDesc,Мягкие шёлковые нити проходят через корешок и лежат на страницах.
KinkyDungeonInventoryItemSpiderlingStaffDesc,Тонкая паутина мягко удерживает слабое свечение на навершии посоха.
KinkyDungeonInventoryItemSpiderlingTomeDesc2,"Схождение кокона: круг шёлка в пределах 6 клеток стягивается после двух следующих действий; в центре связывает сильнее. Повторите до смыкания, чтобы получить до трёх ступеней. Каждое добавление требует маны и действия и откладывает смыкание на ход. В любой руке: +20% к связыванию. Действенные попадания могут вернуть выносливость; первый полный кокон из этой нити для каждой жертвы может вернуть ограниченное количество маны."
KinkyDungeonInventoryItemSpiderlingStaffDesc2,"Шёлковая петля: выпускает нить на расстояние до 6 клеток, связывая и замедляя первую поражённую враждебную цель. Стены останавливают нить. Действенные попадания могут вернуть выносливость; первый полный кокон из этой нити для каждой жертвы может вернуть ограниченное количество маны."
ItemPickupSpiderlingTome,Вы подбираете книгу шёлковых уз.
ItemPickupSpiderlingStaff,Вы подбираете посох ткача шёлка.
KDPrereqFailSpiderlingsCocoonConvergence,"Нужно держать фолиант в руке и иметь достаточно маны для этого слоя. После смыкания круга дождись окончания перезарядки, прежде чем плести новый."
KDPrereqFailSpiderlingsSilkenSnare,"Нужно держать посох в руке, иметь достаточно маны и дождаться окончания перезарядки."
KinkyDungeonSpellCastSpiderlingsCocoonConvergence,Вы сплетаете круг из шёлка. Нити начинают сходиться к центру.
KinkyDungeonSpellCastSpiderlingsSilkenSnare,Вы выпускаете липкую шёлковую нить в сторону цели.
KinkyDungeonSpellSpiderlingsCocoonConvergence,Схождение кокона
KinkyDungeonSpellSpiderlingsSilkenSnare,Шёлковая петля
SpiderlingsDebugStairBypass,Отладочный обход блокировки лестницы включён; отмеченные гнёзда не изменены.
RestraintSpiderlingsSilkLeash,Паучий шёлковый поводок
RestraintSpiderlingsSilkLeashDesc,Тонкие шелковистые нити собраны в лёгкий шнур с мягким блеском.
RestraintSpiderlingsSilkLeashDesc2,"Когда шнур выпрямляется, его тонкие нити слегка натягиваются, а при ослаблении ложатся мягкой дугой."
SpiderlingsRecoveryAttached,Прядильщик прикрепляет шёлковую нить ({count}/8). При следующем доступном действии он может втянуть тебя обратно.
SpiderlingsRecoveryAttachBlocked,Шёлковый поводок не крепится. Нужен подходящий ошейник или шёлковый мешок для ног; другое снаряжение не должно мешать креплению.
KinkyDungeonStruggleCutImpossibleSpiderlingsWebbing,"В нынешнем состоянии ты не можешь разрезать TargetRestraint."
KinkyDungeonStruggleCutImpossibleSpiderlingsWebbingAroused,"В нынешнем состоянии ты не можешь разрезать TargetRestraint."
KinkyDungeonStruggleCutImpossibleBoundSpiderlingsWebbing,"Остальные путы мешают крепко держать лезвие, чтобы разрезать TargetRestraint."
KinkyDungeonStruggleCutImpossibleBoundSpiderlingsWebbingAroused,"Остальные путы мешают крепко держать лезвие, чтобы разрезать TargetRestraint."
KinkyDungeonStruggleStruggleImpossibleSpiderlingsWebbing,"В нынешнем состоянии ты не можешь вырваться из TargetRestraint."
KinkyDungeonStruggleStruggleImpossibleSpiderlingsWebbingAroused,"В нынешнем состоянии ты не можешь вырваться из TargetRestraint."
KinkyDungeonStruggleStruggleImpossibleBoundSpiderlingsWebbing,"Остальные путы слишком туги, чтобы ты могла вырваться из TargetRestraint."
KinkyDungeonStruggleStruggleImpossibleBoundSpiderlingsWebbingAroused,"Остальные путы слишком туги, чтобы ты могла вырваться из TargetRestraint."
KinkyDungeonStruggleRemoveImpossibleSpiderlingsWebbing,"В нынешнем состоянии ты не можешь ослабить TargetRestraint."
KinkyDungeonStruggleRemoveImpossibleSpiderlingsWebbingAroused,"В нынешнем состоянии ты не можешь ослабить TargetRestraint."
KinkyDungeonStruggleRemoveImpossibleBoundSpiderlingsWebbing,"Остальные путы мешают тебе развязать TargetRestraint."
KinkyDungeonStruggleRemoveImpossibleBoundSpiderlingsWebbingAroused,"Остальные путы мешают тебе развязать TargetRestraint."
SpiderlingsRecoveryStand,Упереться ({cost} выносливости)
SpiderlingsRecoverySelect,Нить {number}/{count}
SpiderlingsRecoveryCut,Разрезать ({cost})
SpiderlingsRecoveryRemove,Снять ({cost})
SpiderlingsRecoveryStruggle,Вырваться ({cost})
SpiderlingsRecoveryStrandLoosened,Ты ослабляешь выбранную шёлковую нить.
SpiderlingsRecoveryStrandSevered,Ты освобождаешься от выбранной шёлковой нити.
KinkyDungeonSpellDescription2SpiderlingsCocoonConvergence,"Каждый дополнительный слой стоит базовые 20 маны. Сила связывания: 1 / 1,5 / 4,5; перезарядка от первого слоя: 8 / 9 / 12 ходов. Эффективные попадания возвращают 6 выносливости один раз за круг. Первый полный шёлковый кокон каждой жертвы возвращает ману: не более половины уплаченной маны и всего до 20 за круг."
KinkyDungeonSpellDescriptionSpiderlingsCocoonConvergence,"Сплети круг шёлка на расстоянии до 6 клеток. Он сомкнётся после двух следующих действий; ближе к центру связывает сильнее. Повторное применение усиливает тот же круг до трёх ступеней. Каждый дополнительный слой расходует ману и одно действие, задерживая смыкание на ход. Стены останавливают шёлк."
KinkyDungeonSpellDescriptionSpiderlingsSilkenSnare,Пошли липкий шёлк на расстояние до 6 клеток к первой враждебной цели. Нить связывает и замедляет жертву; стены её останавливают. Перезарядка: 3 хода. Эффективное попадание возвращает 6 выносливости. Первый полный шёлковый кокон жертвы возвращает не более половины уплаченной маны.
KDSpiderlingsWeaponSustainSpiderlingTome,"+20% к силе связывания в основной или второй руке. Эффективные удары в ближнем бою возвращают 20% уплаченной выносливости, с базовым пределом 3. Первый шёлковый кокон каждой жертвы, созданный в ближнем бою, один раз возвращает базовые 7,5 маны."
KDSpiderlingsWeaponSustainSpiderlingStaff,"Эффективные удары в ближнем бою возвращают 20% уплаченной выносливости, с базовым пределом 6. Первый шёлковый кокон каждой жертвы, созданный в ближнем бою, один раз возвращает базовые 7,5 маны."
KDSpiderlingsWeaponWeaveStatus,Плетение STAGE/3. Следующая стоимость маны: COST. Новый круг через COOLDOWN ходов.
