NameSpinner,幼蛛の糸紡ぎ
AttackSpinner,幼蛛の糸紡ぎが体に沿って素早く這い、細い脚がちくちくした痒みを残す。
AttackSpinnerBind,幼蛛は脚に糸を巻き、近くに留まって織り続けます。(+RestraintAdded)
KillSpinner,幼蛛の糸紡ぎは細い脚を畳み、影の中へ退いて消えた。
NameJumper,幼蛛の跳躍者
AttackJumper,幼蛛の跳躍者が不意に飛びかかり、細い脚が体をかすめて痒みを走らせる。
AttackJumperBind,幼蛛の跳躍者が体に飛びつき、その勢いで糸を引き締めると、たちまち姿を消した。(+RestraintAdded)
KillJumper,幼蛛の跳躍者はよろめきながら退き、すぐに影へ紛れた。
NameTunneler,幼蛛の穴掘り
KillTunneler,幼蛛の穴掘りは姿を消し、その場には数本の糸だけが残った。
NameNestEntrance,巣穴の入口
KillNestEntrance,巣穴の入口が崩れた。縁の細い蛛糸がほどけて地面へ落ちる。
NameWebCaster,幼蛛の糸吐き
KillWebCaster,幼蛛の糸吐きは体を縮めて退き、暗がりへ消えた。
KinkyDungeonSpellSummonSpinner,糸紡ぎを召喚
KinkyDungeonSummonSummonSpinner,幼蛛の糸紡ぎが暗がりから這い出し、細い脚の間に幾筋もの糸を引いている。
KinkyDungeonSpellCastSummonSpinner,暗がりから小刻みな足音がする。幼蛛の糸紡ぎが姿を現そうとしている。
KinkyDungeonSpellSummonJumper,跳躍者を召喚
KinkyDungeonSummonSummonJumper,幼蛛の跳躍者が飛び出し、細い脚で軽やかに着地した。
KinkyDungeonSpellCastSummonJumper,暗がりからせわしない物音がする。幼蛛の跳躍者が姿を現そうとしている。
KinkyDungeonSpellSpiderlingsJumperDash,跳躍者の飛びかかり
KinkyDungeonSpellCastSpiderlingsJumperDash,幼蛛の跳躍者が足元の地面を見据え、体を低くして細い脚をきゅっと畳む。
KinkyDungeonSpellSummonWebCaster,糸吐きを召喚
KinkyDungeonSummonSummonWebCaster,幼蛛の糸吐きが這い出し、粘った糸を後ろに引いている。
KinkyDungeonSpellCastSummonWebCaster,暗がりから粘った糸が伸びてくる。幼蛛の糸吐きが姿を現そうとしている。
KinkyDungeonSpellSummonTunneler,穴掘りを召喚
KinkyDungeonSummonSummonTunneler,幼蛛の穴掘りが暗がりから抜け出し、地面をかさかさと這っている。
KinkyDungeonSpellCastSummonTunneler,暗がりから小さな掻き音がする。幼蛛の穴掘りが姿を現そうとしている。
KinkyDungeonSpellSummonNestEntrance,クモの巣穴を掘る
KinkyDungeonSummonSummonNestEntrance,地面が裂け、糸に覆われた穴が開いた。新たな巣穴の入口が現れた！
KinkyDungeonSpellCastSummonNestEntrance,幼蛛の穴掘りが地面に伏して掘り進め、裂け目に沿って糸が広がっていく！
KinkyDungeonSpellWebSpray,クモ網噴射
KinkyDungeonSpellCastWebSpray,幼蛛の糸吐きがこちらへ粘る糸束を噴き出す。細い糸が空中でぱっと開いた！
KinkyDungeonSpellWebSprayDamage,飛んできた粘る糸が正面から絡みついた！(DamageDealt)
KinkyDungeonSpellWebSprayBind,噴き出された糸が体に貼りつき、網となって絡み合う！
KinkyDungeonSpellSpiderWeb,地面のクモの巣
KinkyDungeonSpellCastSpiderWeb,粘り強い糸が地面に落ち、辺りに乱れた網を広げていく。
KinkyDungeonSpellSpiderWebDamage,網に踏み込むと、粘る糸がたちまち両足に巻きついた！(DamageDealt)
KinkyDungeonSpellSpiderWebBind,網に踏み込むと、足元の粘る糸が絡み上がってきた！
KDModButtonSpiderlings,Spiderlings
KinkyDungeonStatSpiderlingsSquad,幼蛛小隊
KinkyDungeonStatDescSpiderlingsSquad,条件を満たす新しい通常マップごとに敵対する小隊が現れる。糸紡ぎ2体と、穴掘り・糸吐き・跳躍者・魔術師が各1体。配置場所と幼蛛の出現枠が必要。
KDModButtonspiderlingsSpinnerEncounters,糸紡ぎの自律的な遭遇
KDModButtonspiderlingsNestSummonWeights,巣の増援の重み（0で無効）
KDModButtonspiderlingsNestSpinnerWeight,糸紡ぎの重み
KDModButtonspiderlingsNestJumperWeight,跳躍者の重み
KDModButtonspiderlingsNestWebCasterWeight,糸吐きの重み
KDModButtonspiderlingsNestTunnelerWeight,穴掘りの重み
KDModButtonspiderlingsNestMageWeight,魔術師の重み
KDModButtonspiderlingsNestReinforcementControl,巣穴の反復増援
KDModButtonspiderlingsNestReinforcementCap,巣穴ごとの生存増援上限
KDModButtonspiderlingsNestReinforcementInterval,増援の確認間隔（ターン）
RestraintSpiderlingsWebbingLv1Arm,蛛糸の腕縛り
RestraintSpiderlingsWebbingLv1ArmDesc,粘り強い数本の蛛糸が両手首に巻きつき、腕を背中へ引き寄せている。
RestraintSpiderlingsWebbingLv1ArmDesc2,糸の間にはまだ隙間があり、少し身じろぐだけで細い糸がぴんと張る。
RestraintSpiderlingsWebbingLv1MittenLeft,蛛糸のミトン・左
RestraintSpiderlingsWebbingLv1MittenLeftDesc,薄い蛛糸が左手に貼りつき、指をひとつの柔らかな包みに収めている。
RestraintSpiderlingsWebbingLv1MittenLeftDesc2,指先にはふわりとした絹毛が触れ、縁からは束ねられていない細糸が垂れている。
RestraintSpiderlingsWebbingLv1MittenRight,蛛糸のミトン・右
RestraintSpiderlingsWebbingLv1MittenRightDesc,薄い蛛糸が右手に貼りつき、指をひとつの柔らかな包みに収めている。
RestraintSpiderlingsWebbingLv1MittenRightDesc2,指の節が浅い起伏を作り、粘る糸が手の甲から掌へ回り込んでいる。
RestraintSpiderlingsWebbingLv1Belly,蛛糸の腹帯
RestraintSpiderlingsWebbingLv1BellyDesc,粘り強い蛛糸が下腹に貼りつき、細い帯を織り上げている。
RestraintSpiderlingsWebbingLv1BellyDesc2,帯の縁には細かな毛羽が散り、体の動きに合わせてかすかに揺れる。
RestraintSpiderlingsWebbingLv1Legs,蛛糸の脚縛り
RestraintSpiderlingsWebbingLv1LegsDesc,まばらな蛛糸が揃えた両脚を横切り、脚の間に細い糸を渡している。
RestraintSpiderlingsWebbingLv1LegsDesc2,網目はまだはっきり見える。一か所を引くと、隣の糸まで震える。
RestraintSpiderlingsWebbingLv1Ankles,蛛糸の足首縛り
RestraintSpiderlingsWebbingLv1AnklesDesc,数本の蛛糸が両足首の間で交差し、そっと引き寄せている。
RestraintSpiderlingsWebbingLv1AnklesDesc2,細い糸が足首を巡り、両足の間に細い橋を架けている。
RestraintSpiderlingsWebbingLv1Foot,蛛糸の足包み
RestraintSpiderlingsWebbingLv1FootDesc,薄い蛛糸が揃えた両足を包み、足の縁で貼り合わさっている。
RestraintSpiderlingsWebbingLv1FootDesc2,細糸が足の甲に広がり、網の下には爪先の輪郭がまだくっきり見える。
RestraintSpiderlingsWebbingLv1Blindfold,蛛糸の目隠し
RestraintSpiderlingsWebbingLv1BlindfoldDesc,薄い蛛糸の帯が両目を覆い、光が和らぎ、遠くの輪郭がぼやける。
RestraintSpiderlingsWebbingLv1BlindfoldDesc2,縁が目尻に貼りつき、頭を動かすたびに遊び糸が頬をかすめる。
RestraintSpiderlingsWebbingLv2Arm,絡み織りの腕縛り
RestraintSpiderlingsWebbingLv2ArmDesc,蛛糸が手首と腕の間を幾度も巡り、ばらばらだった糸は幅広く厚い帯になっている。
RestraintSpiderlingsWebbingLv2ArmDesc2,身をよじると一本の糸が網全体を引き締め、手首には粘る結び目がひしめく。
RestraintSpiderlingsWebbingLv2Belly,絡み織りの腹帯
RestraintSpiderlingsWebbingLv2BellyDesc,蛛糸が下腹に幾重にも広がり、細かった帯を厚く覆っている。
RestraintSpiderlingsWebbingLv2BellyDesc2,新旧の糸が貼り合わさり、交差する模様は腰の脇まで続いている。
RestraintSpiderlingsWebbingLv2Legs,絡み織りの脚縛り
RestraintSpiderlingsWebbingLv2LegsDesc,厚い蛛糸が両脚を横切り、脚の間をひと続きの網に織り上げている。
RestraintSpiderlingsWebbingLv2LegsDesc2,開いていた網目は小さな隙間となり、重なる帯が脚とともに引き合う。
RestraintSpiderlingsWebbingLv2Ankles,絡み織りの足首縛り
RestraintSpiderlingsWebbingLv2AnklesDesc,蛛糸が足首を何度も巡り、交差した細糸を厚い輪で覆っている。
RestraintSpiderlingsWebbingLv2AnklesDesc2,輪と輪を粘る糸がつなぎ、足首を動かすと絡んだ糸が互いを引く。
RestraintSpiderlingsWebbingLv2Foot,絡み織りの足包み
RestraintSpiderlingsWebbingLv2FootDesc,蛛糸が両足に繰り返し重なり、甲と縁を厚い網の中へ包み込んでいる。
RestraintSpiderlingsWebbingLv2FootDesc2,爪先の輪郭はぼやけ、表には重なり合う糸の筋だけが残っている。
RestraintSpiderlingsWebbingLv1Stuffing,蛛糸の口詰め
RestraintSpiderlingsWebbingLv1StuffingDesc,柔らかな蛛糸の塊が口を満たし、言葉の輪郭を曖昧にしている。
RestraintSpiderlingsWebbingLv1StuffingDesc2,唇の裏に絹毛が寄り集まり、言いかけた言葉が不明瞭な声にほどける。
RestraintSpiderlingsWebbingLv1Gag,蛛糸の口枷
RestraintSpiderlingsWebbingLv1GagDesc,幅広い蛛糸が口を横切り、唇から漏れる声をくぐもらせている。
RestraintSpiderlingsWebbingLv1GagDesc2,粘る糸が口角から頬へ伸び、縁には重なった細糸がまだ見える。
RestraintSpiderlingsWebbingLv3Arm,密織りの腕縛り
RestraintSpiderlingsWebbingLv3ArmDesc,密に織られた蛛糸が背中の両腕を包み、手首の結び目も厚い糸の殻に埋まっている。
RestraintSpiderlingsWebbingLv3ArmDesc2,身をよじっても表に細かな皺が寄るだけで、かつての隙間は見つからない。
RestraintSpiderlingsWebbingLv3Belly,密織りの腹帯
RestraintSpiderlingsWebbingLv3BellyDesc,細かな蛛糸が密に重なり、腹部を切れ目のない殻で包んでいる。
RestraintSpiderlingsWebbingLv3BellyDesc2,織り模様は厚い表面に埋もれ、体が動くと浅い襞だけが浮かぶ。
RestraintSpiderlingsWebbingLv3Legs,密織りの脚縛り
RestraintSpiderlingsWebbingLv3LegsDesc,蛛糸が揃えた両脚をすっかり覆い、間の隙間まで密な蛛糸で満たしている。
RestraintSpiderlingsWebbingLv3LegsDesc2,両脚の輪郭はひとつに溶け、見えていた帯も滑らかな覆いの下に隠れている。
RestraintSpiderlingsWebbingLv3Ankles,密織りの足首縛り
RestraintSpiderlingsWebbingLv3AnklesDesc,密な蛛糸が両足首を包み、隣り合う輪を継ぎ目のない覆いに織り込んでいる。
RestraintSpiderlingsWebbingLv3AnklesDesc2,結び目も継ぎ目も消え、足首の脇の浅い窪みだけが動きに従う。
RestraintSpiderlingsWebbingLv3Foot,密織りの足包み
RestraintSpiderlingsWebbingLv3FootDesc,蛛糸が両足をすっぽり包み、甲や縁の細部を厚い殻の中へ隠している。
RestraintSpiderlingsWebbingLv3FootDesc2,無数の糸が一枚の面に溶け合い、寄り添う両足の大まかな形だけが残る。
RestraintSpiderlingsWebbingLv3Blindfold,密織りの目隠し
RestraintSpiderlingsWebbingLv3BlindfoldDesc,密な蛛糸が目を覆い、目隠しの縁さえもひと続きの糸層に埋めている。
RestraintSpiderlingsWebbingLv3BlindfoldDesc2,頬の脇に遊び糸はもうなく、ぴったりした覆いが頭と一緒に動く。
RestraintSpiderlingsWebbingLv3Gag,密織りの口枷
RestraintSpiderlingsWebbingLv3GagDesc,厚い蛛糸が口を覆い、重なった網を密な一枚の面へ隠している。
RestraintSpiderlingsWebbingLv3GagDesc2,唇の脇の継ぎ目も見えず、くぐもった声が糸を通ってかすかな震えを起こす。
RestraintSpiderlingsWebbingLv3Hood,密織りの頭巾
RestraintSpiderlingsWebbingLv3HoodDesc,光を通さない蛛糸が頭頂から下り、頭全体を厚い頭巾に包んでいる。
RestraintSpiderlingsWebbingLv3HoodDesc2,髪先も顔の細部も蛛糸の下に隠れ、動きに揺れる輪郭だけが残る。
RestraintSpiderlingsWebbingCocoon,幼蛛の糸繭
RestraintSpiderlingsWebbingCocoonDesc,密な蛛糸が体を厚い繭に包んでいる。縁は口の下まで寄り、頭の上半分だけが外に出ている。
RestraintSpiderlingsWebbingCocoonDesc2,少し身じろぎすると柔らかな繭壁に浅いしわが寄り、重なり合う糸がそっと引かれる。
KinkyDungeonSpiderlingsWebbingLv1Covered,TargetLv1はTargetLv2の下にある。内側の糸に手を掛けるには、まず外側を外す必要がある。
KinkyDungeonSpiderlingsCocoonAnchored,幼蛛たちが繭の周囲に幾重もの網を張り、その場にしっかりと縫い留めた！
KDMapMod_SpiderlingsHuntingGrounds,幼蛛の狩場
KinkyDungeonMapModSpiderlingsHuntingGrounds,柔らかな糸が階層じゅうに広がっている。幼蛛が巣の間を行き交い、細い通路の先までかさかさと音がついてくる。
KDEscapeMethod_SpiderlingsHuntingGrounds,目標の巣穴を壊す
KDEscapeMethodDesc_SpiderlingsHuntingGrounds,下へ進むには、最初からある目標の巣穴を壊そう（ミニマップの赤いクエストマーク）。後から作られた巣穴は数えない。
SpiderlingsHuntingGroundsProgress,破壊した目標の巣穴：CURRENT/TARGET
SpiderlingsHuntingGroundsBlocked,下へ進むには、最初からある目標の巣穴を壊そう。ミニマップの赤いクエストマークが目印。（CURRENT/TARGET）
SpiderlingsHuntingGroundsComplete,この場所に最初からあった巣穴はすべて崩れた。さらに深くへ続く階段が目の前にある。（TARGET/TARGET）
KDModButtonspiderlingsPinkWebbing,ピンクの蜘蛛糸（オフ：元の色）
KDModButtonspiderlingsEnableHood,幼蛛の絹フード（オフ：装着しない）
KinkyDungeonSpiderlingsWebbingInterwoven,交差した糸が締まり、身体の別の部位にも絡みつく。
KinkyDungeonStruggleCutFailSpiderlingsWebbing,あなたはTargetRestraintの糸の継ぎ目に沿って刃を動かす。
KinkyDungeonStruggleCutFailSpiderlingsWebbingAroused,あなたはTargetRestraintの糸の継ぎ目に沿って刃を動かす。
KinkyDungeonStruggleCutSuccessSpiderlingsWebbing,あなたはTargetRestraintをつなぎ留めていた最後の糸を切り離す。ちぎれた網が束縛されていた場所から落ちた。
KinkyDungeonStruggleStruggleFailSpiderlingsWebbing,あなたはTargetRestraintを引く。動きに合わせて網にしわが寄る。
KinkyDungeonStruggleStruggleFailSpiderlingsWebbingAroused,あなたはTargetRestraintを引く。動きに合わせて網にしわが寄る。
KinkyDungeonStruggleStruggleSuccessSpiderlingsWebbing,あなたはTargetRestraintに残る粘る糸を振りほどき、外れた網をまとめた。
KinkyDungeonStruggleRemoveFailSpiderlingsWebbing,あなたはTargetRestraintの縁を探り、貼りついた糸をほぐそうとする。
KinkyDungeonStruggleRemoveFailSpiderlingsWebbingAroused,あなたはTargetRestraintの縁を探り、貼りついた糸をほぐそうとする。
KinkyDungeonStruggleRemoveSuccessSpiderlingsWebbing,あなたはTargetRestraintを剥がし、外れた糸をまとめた。
KinkyDungeonStruggleCutFailSpiderlingsCocoon,あなたはTargetRestraintの継ぎ目に沿って刃を動かし、織り重なった糸の層に押し当てる。
KinkyDungeonStruggleCutFailSpiderlingsCocoonAroused,あなたはTargetRestraintの継ぎ目に沿って刃を動かし、織り重なった糸の層に押し当てる。
KinkyDungeonStruggleCutSuccessSpiderlingsCocoon,あなたはTargetRestraintの最後の継ぎ目を切り開く。外側の繭殻が開いた。
KinkyDungeonStruggleStruggleFailSpiderlingsCocoon,あなたはTargetRestraintを内側から押す。繭の壁に浅いしわが寄る。
KinkyDungeonStruggleStruggleFailSpiderlingsCocoonAroused,あなたはTargetRestraintを内側から押す。繭の壁に浅いしわが寄る。
KinkyDungeonStruggleStruggleSuccessSpiderlingsCocoon,あなたはTargetRestraintの外側の繭殻を押し開き、ほどけた蛛糸を集めた。
KinkyDungeonStruggleRemoveFailSpiderlingsCocoon,あなたはTargetRestraintの縁を探り、貼りついた糸の層を剥がそうとする。
KinkyDungeonStruggleRemoveFailSpiderlingsCocoonAroused,あなたはTargetRestraintの縁を探り、貼りついた糸の層を剥がそうとする。
KinkyDungeonStruggleRemoveSuccessSpiderlingsCocoon,あなたはTargetRestraintの外側の繭殻を剥ぎ開き、緩んだ繭を回収した。
KDModButtonspiderlingsMapPopulationCap,移動する幼グモの全体上限（0でこの制限を解除、特色階の枠は維持）
KinkyDungeonStatSpiderlingsCocoonStart,繭の中の目覚め
KinkyDungeonStatDescSpiderlingsCocoonStart,柔らかな繭の中で目覚める。密に重なる蛛糸が身体に沿い、身じろぐたびに細い糸が引かれる。
KinkyDungeonSpellCastSpiderlingsJumperDashNPC,幼蛛の跳躍者が相手の足元を見据え、身を低くして跳ぶ構えを取る。
KDModButtonspiderlingsNestTunnelerCap,巣ごとの穴掘りの累計上限（0：召喚しない）
RestraintSpiderlingsSpinnerLegbinder,蛛糸の脚袋
RestraintSpiderlingsSpinnerLegbinderDesc,足首の上から太ももの上部までを蛛糸が包む。
RestraintSpiderlingsSpinnerLegbinderDesc2,緻密な糸の面が両脚の輪郭に沿い、袋口の柔らかな縁が太ももに触れている。
SpiderlingsSpinnerPull,糸を振りほどく · 体力10 · 1ターン
SpiderlingsSpinnerContest,参加幼蛛：{count} · 毎ターン製織 +{rate}
SpiderlingsSpinnerStart,周囲の網から伸びる糸が両脚を引き寄せる。糸が身体を包みきる前に、引っ張って振りほどくことができる。
SpiderlingsSpinnerWin,糸を振りほどいた。織っていた糸紡ぎは気絶している。
SpiderlingsSpinnerInterrupt,共同の糸紡ぎが中断した。行動できるが、織られた糸は残る。
SpiderlingsSpinnerTired,体力が10必要。待機やポーションの使用はできる。
SpiderlingsSpinnerWrap,糸紡ぎが脚の周りに蛛糸の袋を織り始めた。
SpiderlingsSpinnerDone,蛛糸の脚袋が織り上がった。歩く足取りが遅くなる。
NameSpiderlingsSilkAnchor,蛛糸の結び目
KillSpiderlingsSilkAnchor,蛛糸の囲いが裂けた。
SpiderlingsFieldPreparing,糸紡ぎが場の周囲に網を織っている。入口はまだ開いている。
SpiderlingsFieldReady,境界の一部がつながった。幼蛛は捕獲場を織り続ける。
SpiderlingsFieldSprung,捕獲場が閉鎖された。内部に残ると捕獲される可能性がある。
SpiderlingsFieldBroken,網の結び目が切れ、糸紡ぎが止まった。すでに身体に巻かれた糸は残っている。
SpiderlingsFieldReset,テスト場をリセット
SpiderlingsFieldJumper,跳躍幼蛛を放す
SpiderlingsFieldStatus,捕獲場：{phase} · 角 {count}/4 · 接続 {links}/4
SpiderlingsFieldPhasepreparing,準備中
SpiderlingsFieldPhaseready,接続準備
SpiderlingsFieldPhasesprung,閉鎖完了
SpiderlingsFieldPhasebroken,破壊済み
SpiderlingsFieldPhasecomplete,完了
SpiderlingsSpinnerWeave,拘束：{value}/100
SpiderlingsSpinnerEscape,脱出：{value}/{goal}
SpiderlingsFieldAddSpinner,糸紡ぎを追加
SpiderlingsFieldRebuild,あと {turns} ターンで幼蛛が網の修繕を始める。
SpiderlingsFieldWaiting,網の囲いが整った。西側の入口は開いたまま。
NameMageSpiderlings,幼蛛の魔術師
NameSpiderlingsSpinnerTrap,捕獲場の境界
KillMageSpiderlings,幼蛛の魔術師は細い脚を畳み、影の中へ退いた。
KinkyDungeonSpellSpiderlingsMageBolt,蛛糸の玉
KinkyDungeonSpellCastSpiderlingsMageBolt,幼蛛の魔術師が光る蛛糸を玉にまとめ、前方へ放つ。
KinkyDungeonSpellSpiderlingsMageRune,蛛糸のルーン
KinkyDungeonSpellCastSpiderlingsMageRune,幼蛛の魔術師が近くの地面に光るルーンを刻む。
KinkyDungeonSpellSpiderlingsMageHex,盾を蝕む紋章
KinkyDungeonSpellCastSpiderlingsMageHex,幼蛛の魔術師が細い蛛糸を光る紋章の中心へ引き寄せる。
KinkyDungeonSpellSpiderlingsMageCollapse,千糸の崩落
KinkyDungeonSpellCastSpiderlingsMageCollapse,印の範囲の外縁から中心へ蛛糸が集まり、弾ける時を待つ。
SpiderlingsNPCAdhesionInitial,足止め
SpiderlingsNPCAdhesionFull,糸で拘束
SpiderlingsNPCAdhesionHelpless,無力化
SpiderlingsNPCWrapping,糸拘束による脆弱化
KDMapMod_SpiderlingsInfestation,幼蛛の侵入
KinkyDungeonMapModSpiderlingsInfestation,隅々に糸が広がり、影の中でかさかさという音が呼び交わされている。ここにはずっと前から別の住人がいたようだ。
KDEscapeMethod_SpiderlingsInfestation,目標の巣穴を壊す
KDEscapeMethodDesc_SpiderlingsInfestation,下へ進むには、最初からある目標の巣穴を壊そう（ミニマップの赤いクエストマーク）。後から作られた巣穴は数えない。
SpiderlingsInfestationProgress,破壊した目標の巣穴：CURRENT/5
SpiderlingsInfestationBlocked,下へ進むには、最初からある目標の巣穴を壊そう。ミニマップの赤いクエストマークが目印。（CURRENT/5）
SpiderlingsInfestationComplete,この場所に最初からあった巣穴はすべて崩れた。さらに深くへ続く階段が目の前にある。（5/5）
KDModButtonspiderlingsInfestationWeight,幼蛛の侵入の重み（0：無効）
KDModButtonspiderlingsHuntingGroundsWeight,幼蛛の狩場の重み・Maidforce限定（0：無効）
KinkyDungeonInventoryItemSpiderlingTome,絹縛の魔典
KinkyDungeonInventoryItemSpiderlingStaff,糸織りの杖
KinkyDungeonSpecialSpiderlingTome,千糸の繭
KinkyDungeonSpecialSpiderlingStaff,絹糸の縛め
KinkyDungeonInventoryItemSpiderlingTomeDesc,柔らかな蛛糸が背表紙を通り、頁にそっと重なっている。
KinkyDungeonInventoryItemSpiderlingStaffDesc,杖先の細かな網が淡い光をそっと包んでいる。
KinkyDungeonInventoryItemSpiderlingTomeDesc2,千糸の繭：6マス以内に糸の輪を織り、その後2回行動すると内側へ収束する。中心ほど強く縛る。閉じる前に再使用すると最大3段階まで重ねられ、追加ごとに魔力と1行動を消費し、収束が1ターン遅れる。主手・副手のどちらでも拘束力が20%上昇。有効な命中で体力が一部戻ることがあり、獲物ごとにこの糸で初めて完全な繭を作ると、上限付きで魔力が戻ることがある。
KinkyDungeonInventoryItemSpiderlingStaffDesc2,絹糸の縛め：最大6マス届く粘糸を放ち、最初に当たった敵対対象を縛って減速させる。壁に遮られる。有効な命中で体力が一部戻ることがあり、獲物ごとにこの糸で初めて完全な繭を作ると、上限付きで魔力が戻ることがある。
ItemPickupSpiderlingTome,絹縛の魔典を拾った。
ItemPickupSpiderlingStaff,糸織りの杖を拾った。
KDPrereqFailSpiderlingsCocoonConvergence,魔典を手に持ち、この織り込みに必要な魔力がなければならない。輪が収束した後は、再使用時間が終わるまで新たな輪を織れない。
KDPrereqFailSpiderlingsSilkenSnare,杖を手に持ち、十分な魔力があり、再使用時間が終わっていなければならない。
KinkyDungeonSpellCastSpiderlingsCocoonConvergence,蛛糸の輪を織り上げた。糸が中心へと収束し始める。
KinkyDungeonSpellCastSpiderlingsSilkenSnare,粘り強い絹糸を標的に向けて放った。
KinkyDungeonSpellSpiderlingsCocoonConvergence,千糸の繭
KinkyDungeonSpellSpiderlingsSilkenSnare,絹糸の縛め
SpiderlingsDebugStairBypass,デバッグによる階段の制限解除が有効です。印付きの巣はそのままです。
RestraintSpiderlingsSilkLeash,蜘蛛の絹リード
RestraintSpiderlingsSilkLeashDesc,細く柔らかな蛛糸を束ねた軽い綱。表面には穏やかな絹の光沢がある。
RestraintSpiderlingsSilkLeashDesc2,綱が伸びると細い糸が一本ずつそっと張り、緩むと柔らかな弧を描く。
SpiderlingsRecoveryAttached,糸紡ぎが蛛糸を結びつけた（{count}）。糸が張ると、引き戻されることがある。
SpiderlingsRecoveryAttachBlocked,蛛糸の引き綱を結べない。対応する首輪か蛛糸の脚袋が必要で、ほかの装備が邪魔をしていると結べない。
KinkyDungeonStruggleCutImpossibleSpiderlingsWebbing,"今の状態ではTargetRestraintを切り開くことはできない。"
KinkyDungeonStruggleCutImpossibleSpiderlingsWebbingAroused,"今の状態ではTargetRestraintを切り開くことはできない。"
KinkyDungeonStruggleCutImpossibleBoundSpiderlingsWebbing,"ほかの拘束で刃をしっかり持てず、TargetRestraintを切り開けない。"
KinkyDungeonStruggleCutImpossibleBoundSpiderlingsWebbingAroused,"ほかの拘束で刃をしっかり持てず、TargetRestraintを切り開けない。"
KinkyDungeonStruggleStruggleImpossibleSpiderlingsWebbing,"今の状態ではTargetRestraintから抜け出すことはできない。"
KinkyDungeonStruggleStruggleImpossibleSpiderlingsWebbingAroused,"今の状態ではTargetRestraintから抜け出すことはできない。"
KinkyDungeonStruggleStruggleImpossibleBoundSpiderlingsWebbing,"ほかの拘束がきつく絡み、TargetRestraintからもがいて抜け出せない。"
KinkyDungeonStruggleStruggleImpossibleBoundSpiderlingsWebbingAroused,"ほかの拘束がきつく絡み、TargetRestraintからもがいて抜け出せない。"
KinkyDungeonStruggleRemoveImpossibleSpiderlingsWebbing,"今の状態ではTargetRestraintをほどくことはできない。"
KinkyDungeonStruggleRemoveImpossibleSpiderlingsWebbingAroused,"今の状態ではTargetRestraintをほどくことはできない。"
KinkyDungeonStruggleRemoveImpossibleBoundSpiderlingsWebbing,"ほかの拘束が動きを妨げ、TargetRestraintをほどけない。"
KinkyDungeonStruggleRemoveImpossibleBoundSpiderlingsWebbingAroused,"ほかの拘束が動きを妨げ、TargetRestraintをほどけない。"
KinkyDungeonSpellDescription2SpiderlingsCocoonConvergence,追加の織り込みは1回につき基本魔力20。拘束倍率：1／1.5／4.5。最初に織ってからの再使用時間：8／9／12ターン。有効な命中で輪ごとに1度だけ体力6を回復する。獲物を初めて完全な糸の繭に包むと魔力が戻る。輪全体で実際に払った魔力の半分、最大20まで。
KinkyDungeonSpellDescriptionSpiderlingsCocoonConvergence,6マス以内に糸の輪を織る。さらに2回行動すると収束し、中心に近いほど強く拘束する。収束前に同じ能力を再使用すると、同じ輪を最大3段階まで織り重ねられる。追加ごとに魔力と1回の行動を消費し、収束が1ターン遅れる。壁は糸を遮る。
KinkyDungeonSpellDescriptionSpiderlingsSilkenSnare,6マス以内の最初の敵対対象へ粘る糸を放ち、拘束して減速させる。壁は糸を遮る。再使用時間は3ターン。有効な命中で体力6を回復する。獲物を初めて完全な糸の繭に包むと、実際に払った魔力の半分まで戻る。
KDSpiderlingsWeaponSustainSpiderlingTome,主手または副手に持つと拘束力+20%。有効な近接命中で払った体力の20%、基礎値で最大3を回復する。獲物ごとに近接攻撃で初めて糸の繭に包んだ際、1度だけ基礎値7.5の魔力が戻る。
KDSpiderlingsWeaponSustainSpiderlingStaff,有効な近接命中で払った体力の20%、基礎値で最大6を回復する。獲物ごとに近接攻撃で初めて糸の繭に包んだ際、1度だけ基礎値7.5の魔力が戻る。
KDSpiderlingsWeaponWeaveStatus,織り込み STAGE/3。次の魔力消費：COST。新しい輪まで COOLDOWN ターン。
