NameSpinner,织网幼蛛
AttackSpinner,织网幼蛛沿着你的身体爬过，细足扫过皮肤，带起一阵微痒。
AttackSpinnerBind,织网幼蛛牵起蛛丝，将你缠住一处，随后移开细足。(+RestraintAdded)
KillSpinner,织网幼蛛收起细足，退到了视线之外。
NameJumper,跃击幼蛛
AttackJumper,跃击幼蛛跃到近前，细足擦过皮肤，带起一阵微痒。
AttackJumperBind,跃击幼蛛落在你身上，牵出蛛丝缠住一处，随后跃开。(+RestraintAdded)
KillJumper,跃击幼蛛退开，消失在视线外。
NameTunneler,掘穴幼蛛
KillTunneler,掘穴幼蛛沿着地面退开，留下几缕细丝。
NameNestEntrance,蛛巢入口
KillNestEntrance,蛛巢入口塌了下来，洞边的丝网随之垂落。
NameWebCaster,喷网幼蛛
KillWebCaster,喷网幼蛛收拢细足，退开时留下一缕蛛丝。
KinkyDungeonSpellSummonSpinner,召出织网幼蛛
KinkyDungeonSummonSummonSpinner,一只织网幼蛛沿着丝缕爬来，细足落在地上。
KinkyDungeonSpellCastSummonSpinner,丝缕轻颤，织网幼蛛的爬动声渐渐近了。
KinkyDungeonSpellSummonJumper,召出跃击幼蛛
KinkyDungeonSummonSummonJumper,一只跃击幼蛛跳了出来，落地时舒开细足。
KinkyDungeonSpellCastSummonJumper,窸窣声渐渐近了，跃击幼蛛即将现身。
KinkyDungeonSpellSpiderlingsJumperDash,幼蛛跃击
KinkyDungeonSpellCastSpiderlingsJumperDash,跃击幼蛛盯着你脚下的地面，伏低身体，收拢细足准备跃来。
KinkyDungeonSpellSummonWebCaster,召出喷网幼蛛
KinkyDungeonSummonSummonWebCaster,一只喷网幼蛛爬了出来，身后的丝缕铺在地上。
KinkyDungeonSpellCastSummonWebCaster,一缕蛛丝缓缓牵出，喷网幼蛛即将现身。
KinkyDungeonSpellSummonTunneler,召出掘穴幼蛛
KinkyDungeonSummonSummonTunneler,一只掘穴幼蛛钻了出来，沿着地面碎步前行。
KinkyDungeonSpellCastSummonTunneler,地面传来刨动声，掘穴幼蛛即将钻出。
KinkyDungeonSpellSummonNestEntrance,掘筑蛛巢
KinkyDungeonSummonSummonNestEntrance,地面露出一道洞口，丝缕铺过洞边，新的蛛巢入口出现了。
KinkyDungeonSpellCastSummonNestEntrance,掘穴幼蛛伏在地上刨掘，将蛛丝一缕缕铺进裂隙。
KinkyDungeonSpellWebSpray,喷射蛛网
KinkyDungeonSpellCastWebSpray,喷网幼蛛喷出一束蛛丝，丝线在空中舒展开来。
KinkyDungeonSpellWebSprayDamage,喷来的蛛丝落在你身上，黏丝随之缠了上来。(DamageDealt)
KinkyDungeonSpellWebSprayBind,蛛丝贴上身体，交织成一片网。
KinkyDungeonSpellSpiderWeb,地面蛛网
KinkyDungeonSpellCastSpiderWeb,蛛丝落向地面，向四周铺成疏网。
KinkyDungeonSpellSpiderWebDamage,你踏进蛛网，脚边的黏丝牵起，缠上了双脚。(DamageDealt)
KinkyDungeonSpellSpiderWebBind,你踏进蛛网，细软的黏丝沿着脚边一圈圈缠上来。
KDModButtonSpiderlings,Spiderlings
KinkyDungeonStatSpiderlingsSquad,幼蛛小队
KinkyDungeonStatDescSpiderlingsSquad,每张符合条件的新普通地图增加一支敌对幼蛛小队：织网幼蛛两只，掘穴幼蛛、喷网幼蛛、跃击幼蛛和法师幼蛛各一只。地图须有足够空间，且未超过幼蛛数量上限。
KDModButtonspiderlingsSpinnerEncounters,自动织网幼蛛遭遇
KDModButtonspiderlingsNestSummonWeights,巢穴增援种类权重（0 为禁用）
KDModButtonspiderlingsNestSpinnerWeight,织网幼蛛权重
KDModButtonspiderlingsNestJumperWeight,跃击幼蛛权重
KDModButtonspiderlingsNestWebCasterWeight,喷网幼蛛权重
KDModButtonspiderlingsNestTunnelerWeight,掘穴幼蛛权重
KDModButtonspiderlingsNestMageWeight,法师幼蛛权重
KDModButtonspiderlingsNestReinforcementControl,每巢存活增援上限
KDModButtonspiderlingsNestReinforcementCap,每巢存活增援上限
KDModButtonspiderlingsNestReinforcementInterval,增援检查间隔（回合）
RestraintSpiderlingsWebbingLv1Arm,蛛丝缚臂
RestraintSpiderlingsWebbingLv1ArmDesc,几缕柔韧的蛛丝绕过双腕，将双臂拢在身后。
RestraintSpiderlingsWebbingLv1ArmDesc2,丝缕间留着空隙，转动手腕时，细线便随之牵起。
RestraintSpiderlingsWebbingLv1MittenLeft,蛛丝手套·左
RestraintSpiderlingsWebbingLv1MittenLeftDesc,薄薄的蛛丝贴着左手铺开，将手指拢进柔软的包裹。
RestraintSpiderlingsWebbingLv1MittenLeftDesc2,指尖抵着蓬松的丝絮，手套边缘垂着几根细细的游丝。
RestraintSpiderlingsWebbingLv1MittenRight,蛛丝手套·右
RestraintSpiderlingsWebbingLv1MittenRightDesc,薄薄的蛛丝顺着右手的轮廓铺下，将手指一同包好。
RestraintSpiderlingsWebbingLv1MittenRightDesc2,手背的丝缕绕向掌心，弯曲指节便会牵动它们。
RestraintSpiderlingsWebbingLv1Belly,蛛丝腹缠
RestraintSpiderlingsWebbingLv1BellyDesc,一圈柔韧的蛛丝贴着下腹，织成窄窄的束带。
RestraintSpiderlingsWebbingLv1BellyDesc2,束带边缘散着丝絮，随着呼吸牵动。
RestraintSpiderlingsWebbingLv1Legs,蛛丝缚腿
RestraintSpiderlingsWebbingLv1LegsDesc,疏疏的蛛丝横过并拢的双腿，在腿间搭起细巧的网。
RestraintSpiderlingsWebbingLv1LegsDesc2,双腿的轮廓透过网眼可见，挪动时会牵起邻近的丝缕。
RestraintSpiderlingsWebbingLv1Ankles,蛛丝缚踝
RestraintSpiderlingsWebbingLv1AnklesDesc,几缕柔软的蛛丝交错绕过两踝，在脚间搭起疏疏的网。
RestraintSpiderlingsWebbingLv1AnklesDesc2,挪动脚踝时，细丝便随之牵起。
RestraintSpiderlingsWebbingLv1Foot,蛛丝裹足
RestraintSpiderlingsWebbingLv1FootDesc,薄薄的蛛丝包住并拢的双足，顺着足缘贴合成一片。
RestraintSpiderlingsWebbingLv1FootDesc2,细丝铺过脚背，网下仍能看见足尖的轮廓。
RestraintSpiderlingsWebbingLv1Blindfold,蛛丝眼罩
RestraintSpiderlingsWebbingLv1BlindfoldDesc,一层薄薄的蛛丝蒙在双眼前，光线变得柔和，远处的轮廓也模糊起来。
RestraintSpiderlingsWebbingLv1BlindfoldDesc2,眼罩边缘贴着眼角，转头时，几根游丝轻扫过脸颊。
RestraintSpiderlingsWebbingLv2Arm,缠织蛛丝缚臂
RestraintSpiderlingsWebbingLv2ArmDesc,蛛丝在双腕与手臂间交织，将原先的细缕连成宽带。
RestraintSpiderlingsWebbingLv2ArmDesc2,宽带贴着手臂，交叠的丝纹会随动作牵动。
RestraintSpiderlingsWebbingLv2Belly,缠织蛛丝腹缠
RestraintSpiderlingsWebbingLv2BellyDesc,蛛丝沿着下腹层层铺叠，将窄窄的束带织成厚软的一圈。
RestraintSpiderlingsWebbingLv2BellyDesc2,新丝贴着原有纹路织合，边缘一直延向腰侧。
RestraintSpiderlingsWebbingLv2Legs,缠织蛛丝缚腿
RestraintSpiderlingsWebbingLv2LegsDesc,一层层蛛丝贴着双腿铺下，将腿间的空隙织成连片的网面。
RestraintSpiderlingsWebbingLv2LegsDesc2,网眼渐渐织密，腿间叠起的丝带会随挪动泛起褶纹。
RestraintSpiderlingsWebbingLv2Ankles,缠织蛛丝缚踝
RestraintSpiderlingsWebbingLv2AnklesDesc,蛛丝沿着两踝一圈圈铺叠，将疏网织成贴合的宽带。
RestraintSpiderlingsWebbingLv2AnklesDesc2,丝带贴着踝侧，边缘留着一圈丝絮。
RestraintSpiderlingsWebbingLv2Foot,缠织蛛丝裹足
RestraintSpiderlingsWebbingLv2FootDesc,蛛丝顺着双足反复铺叠，将脚背与足缘裹进厚软的缠网。
RestraintSpiderlingsWebbingLv2FootDesc2,丝层遮住足尖的细节，表面留着一道道叠纹。
RestraintSpiderlingsWebbingLv1Stuffing,蛛丝口塞
RestraintSpiderlingsWebbingLv1StuffingDesc,口中团着一簇蛛丝，说话时字句含混。
RestraintSpiderlingsWebbingLv1StuffingDesc2,蓬松的丝絮贴在唇后，随着含混的字句轻轻颤动。
RestraintSpiderlingsWebbingLv1Gag,蛛丝口枷
RestraintSpiderlingsWebbingLv1GagDesc,蛛丝横覆嘴部，话音透过丝层，变得含混。
RestraintSpiderlingsWebbingLv1GagDesc2,丝缕从唇角绕向两颊，边缘仍能看见交织的网眼。
RestraintSpiderlingsWebbingLv3Arm,密织蛛丝缚臂
RestraintSpiderlingsWebbingLv3ArmDesc,绵密的蛛丝将背后的双臂连片包覆，腕间的丝结也织进平整的丝层。
RestraintSpiderlingsWebbingLv3ArmDesc2,腕间已不见空隙，扭动双臂时，丝面浮起浅褶。
RestraintSpiderlingsWebbingLv3Belly,密织蛛丝腹缠
RestraintSpiderlingsWebbingLv3BellyDesc,细密的蛛丝层层相叠，顺着腹部的轮廓织成连续的包覆。
RestraintSpiderlingsWebbingLv3BellyDesc2,交织的纹路连成一片，腹部的起伏会牵动整圈丝层。
RestraintSpiderlingsWebbingLv3Legs,密织蛛丝缚腿
RestraintSpiderlingsWebbingLv3LegsDesc,绵密的蛛丝完整包住并拢的双腿，将腿间的网眼一一织合。
RestraintSpiderlingsWebbingLv3LegsDesc2,两条腿的轮廓连在同一片丝面下，挪动时会一同牵动叠层。
RestraintSpiderlingsWebbingLv3Ankles,密织蛛丝缚踝
RestraintSpiderlingsWebbingLv3AnklesDesc,绵密的蛛丝连片包住两踝，将束环间的空隙细细织合。
RestraintSpiderlingsWebbingLv3AnklesDesc2,丝面贴紧脚踝，挪动时泛起细褶。
RestraintSpiderlingsWebbingLv3Foot,密织蛛丝裹足
RestraintSpiderlingsWebbingLv3FootDesc,层层蛛丝顺着双足细细包覆，将脚背与足缘一同收进绵密的丝层。
RestraintSpiderlingsWebbingLv3FootDesc2,双足并拢的轮廓显在丝面下，足尖的小动作会牵动整片包裹。
RestraintSpiderlingsWebbingLv3Blindfold,密织蛛丝眼罩
RestraintSpiderlingsWebbingLv3BlindfoldDesc,厚软的蛛丝覆住双眼，将眼罩的边缘细细织合成一片。
RestraintSpiderlingsWebbingLv3BlindfoldDesc2,眼罩贴着眼角与脸颊，转头时整片丝面随之挪动。
RestraintSpiderlingsWebbingLv3Gag,密织蛛丝口枷
RestraintSpiderlingsWebbingLv3GagDesc,层层蛛丝贴着嘴部铺好，将交叠的缠网织成厚软的一片。
RestraintSpiderlingsWebbingLv3GagDesc2,唇角的接缝已经织合，话音从丝层间透出，带起细小的颤动。
RestraintSpiderlingsWebbingLv3Hood,密织蛛丝头罩
RestraintSpiderlingsWebbingLv3HoodDesc,绵密不透光的蛛丝从头顶顺着轮廓铺下，将整个头部包进贴合的丝罩。
RestraintSpiderlingsWebbingLv3HoodDesc2,头发与面庞都藏在丝罩下，转头时，表面叠起细褶。
RestraintSpiderlingsWebbingCocoon,幼蛛丝茧
RestraintSpiderlingsWebbingCocoonDesc,层层蛛丝贴合身体织成厚软的丝茧，茧口拢至嘴部下缘，将头部上半留在外面。
RestraintSpiderlingsWebbingCocoonDesc2,茧壁会随扭动泛起浅褶，拖在地面的丝缕发出窸窣声。
KinkyDungeonSpiderlingsWebbingLv1Covered,TargetLv1覆在TargetLv2下面。先移除外层，才能处理里面的蛛丝。
KinkyDungeonSpiderlingsCocoonAnchored,幼蛛在丝茧外织起蛛网，把茧身牵在原地。你暂时无法移动。
KDMapMod_SpiderlingsHuntingGrounds,幼蛛猎场
KinkyDungeonMapModSpiderlingsHuntingGrounds,幼蛛在蛛巢间巡行，狭道与角落挂着蛛网，窸窣声时近时远。
KDEscapeMethod_SpiderlingsHuntingGrounds,摧毁目标巢穴
KDEscapeMethodDesc_SpiderlingsHuntingGrounds,这里最初筑起的几处蛛巢仍挂着丝缕。摧毁这些目标巢穴后，就能沿楼梯下行。
SpiderlingsHuntingGroundsProgress,目标巢穴已摧毁：CURRENT/TARGET
SpiderlingsHuntingGroundsBlocked,还有目标巢穴尚未摧毁，暂时无法沿楼梯下行。（CURRENT/TARGET）
SpiderlingsHuntingGroundsComplete,目标巢穴已全部摧毁，可以沿楼梯继续下行。（TARGET/TARGET）
KDModButtonspiderlingsPinkWebbing,粉色蛛丝（关闭为原色）
KDModButtonspiderlingsEnableHood,密织蛛丝头罩（关闭后不再穿戴）
KinkyDungeonSpiderlingsWebbingInterwoven,两束蛛丝沿着身体交织，缠网又添了一层。
KinkyDungeonStruggleCutFailSpiderlingsWebbing,你沿TargetRestraint的丝缝下刀，刀刃拨动黏连的细丝。
KinkyDungeonStruggleCutFailSpiderlingsWebbingAroused,你沿TargetRestraint的丝缝下刀，刀刃拨动黏连的细丝。
KinkyDungeonStruggleCutSuccessSpiderlingsWebbing,你割断TargetRestraint最后相连的丝缕，零散的丝片轻轻落下。
KinkyDungeonStruggleStruggleFailSpiderlingsWebbing,你撑动TargetRestraint，紧连的蛛丝牵起，丝面随之起褶。
KinkyDungeonStruggleStruggleFailSpiderlingsWebbingAroused,你撑动TargetRestraint，紧连的蛛丝牵起，丝面随之起褶。
KinkyDungeonStruggleStruggleSuccessSpiderlingsWebbing,你挣开TargetRestraint最后牵连的丝缕，将松脱的蛛丝收拢。
KinkyDungeonStruggleRemoveFailSpiderlingsWebbing,你挑起TargetRestraint的边缘，试着分开黏在一起的细缕。
KinkyDungeonStruggleRemoveFailSpiderlingsWebbingAroused,你挑起TargetRestraint的边缘，试着分开黏在一起的细缕。
KinkyDungeonStruggleRemoveSuccessSpiderlingsWebbing,你揭下TargetRestraint，将松脱的丝缕拢好收起。
KinkyDungeonStruggleCutFailSpiderlingsCocoon,你沿TargetRestraint的细缝下刀，茧壁在刀刃旁起伏。
KinkyDungeonStruggleCutFailSpiderlingsCocoonAroused,你沿TargetRestraint的细缝下刀，茧壁在刀刃旁起伏。
KinkyDungeonStruggleCutSuccessSpiderlingsCocoon,你割断TargetRestraint最后相连的丝线，茧壁随之散落。
KinkyDungeonStruggleStruggleFailSpiderlingsCocoon,你抵着TargetRestraint向外撑动，茧壁随着动作起褶。
KinkyDungeonStruggleStruggleFailSpiderlingsCocoonAroused,你抵着TargetRestraint向外撑动，茧壁随着动作起褶。
KinkyDungeonStruggleStruggleSuccessSpiderlingsCocoon,你撑开TargetRestraint上的开口，从松软的茧层中钻出，将脱下的蛛丝收拢。
KinkyDungeonStruggleRemoveFailSpiderlingsCocoon,你沿TargetRestraint的边缘挑起丝层，试着揭开相黏的部分。
KinkyDungeonStruggleRemoveFailSpiderlingsCocoonAroused,你沿TargetRestraint的边缘挑起丝层，试着揭开相黏的部分。
KinkyDungeonStruggleRemoveSuccessSpiderlingsCocoon,你揭开TargetRestraint，从松脱的丝层中钻出，将脱下的丝茧收好。
KDModButtonspiderlingsMapPopulationCap,单图幼蛛上限（0 为不限）
KinkyDungeonStatSpiderlingsCocoonStart,丝茧初醒
KinkyDungeonStatDescSpiderlingsCocoonStart,你在层层蛛丝织成的茧中醒来。稍一挪动，贴着身体的丝缕便一同牵起。
KinkyDungeonSpellCastSpiderlingsJumperDashNPC,跃击幼蛛盯住对手脚下的地面，伏低身体，准备跃去。
KDModButtonspiderlingsNestTunnelerCap,每巢累计掘穴幼蛛上限（0 为不召唤）
RestraintSpiderlingsSpinnerLegbinder,蛛丝腿袋
RestraintSpiderlingsSpinnerLegbinderDesc,蛛丝从脚踝上方裹至大腿上段，双脚露在袋外。
RestraintSpiderlingsSpinnerLegbinderDesc2,厚实的蛛丝连片裹住双腿。切割最有效，尚未织完的部分更容易挣脱。
SpiderlingsSpinnerPull,挣开蛛丝 · 体力 10 · 1 回合
SpiderlingsSpinnerContest,参与织网幼蛛：{count} · 每回合织网 +{rate}
SpiderlingsSpinnerStart,脚边的连网牵住双腿，织网幼蛛正沿着连接丝继续缠织。你可以拉扯蛛丝，试着挣开。
SpiderlingsSpinnerWin,你挣开了连接丝，参与织网的幼蛛暂时无法行动。
SpiderlingsSpinnerInterrupt,幼蛛的缠织被打断，你可以继续行动，已经织成的蛛丝仍留在身上。
SpiderlingsSpinnerTired,挣开需要 10 体力。你仍可等待或使用药水。
SpiderlingsSpinnerWrap,织网幼蛛沿着双腿一层层铺下蛛丝，腿袋渐渐成形。
SpiderlingsSpinnerDone,蛛丝腿袋已织成，双腿裹在一起，挪动起来更费力。
NameSpiderlingsSilkAnchor,蛛网结点
KillSpiderlingsSilkAnchor,蛛网边界裂开了。
SpiderlingsFieldPreparing,幼蛛正沿场地边缘牵起蛛丝，入口仍敞着。
SpiderlingsFieldReady,一段蛛网连好了，幼蛛继续沿边界织网。
SpiderlingsFieldSprung,蛛网已将场地围合。留在里面时，幼蛛可能会缠住你的双腿。
SpiderlingsFieldBroken,结点断开，围网散落，牵制解除。
SpiderlingsFieldReset,重置测试场地
SpiderlingsFieldJumper,放出跃击幼蛛
SpiderlingsFieldStatus,捕获场地：{phase} · 拐角 {count}/4 · 连接 {links}/4
SpiderlingsFieldPhasepreparing,织网准备
SpiderlingsFieldPhaseready,连接准备
SpiderlingsFieldPhasesprung,连接完整
SpiderlingsFieldPhasebroken,已破坏
SpiderlingsFieldPhasecomplete,已完成
SpiderlingsSpinnerWeave,拘束进度：{value}/100
SpiderlingsSpinnerEscape,挣脱进度：{value}/{goal}
SpiderlingsFieldAddSpinner,加入一只织网幼蛛
SpiderlingsFieldRebuild,幼蛛将在 {turns} 个世界回合后重新开始布场。
SpiderlingsFieldWaiting,捕获场地已备好，西侧入口仍敞着。
NameMageSpiderlings,法师幼蛛
NameSpiderlingsSpinnerTrap,捕获场地边界
KillMageSpiderlings,法师幼蛛收拢细足，退入阴影。
KinkyDungeonSpellSpiderlingsMageBolt,蛛丝球
KinkyDungeonSpellCastSpiderlingsMageBolt,法师幼蛛聚起一团发亮的蛛丝，向前掷出。
KinkyDungeonSpellSpiderlingsMageRune,蛛丝符文
KinkyDungeonSpellCastSpiderlingsMageRune,法师幼蛛在附近地面绘下一枚发光符文。
KinkyDungeonSpellSpiderlingsMageHex,蚀盾咒印
KinkyDungeonSpellCastSpiderlingsMageHex,法师幼蛛牵起地面咒印中的蛛丝，一缕缕向中央收拢。
KinkyDungeonSpellSpiderlingsMageCollapse,千丝坠牢
KinkyDungeonSpellCastSpiderlingsMageCollapse,标记边缘的蛛丝向中央收拢，丝束渐渐收紧。
SpiderlingsNPCAdhesionInitial,黏住
SpiderlingsNPCAdhesionFull,蛛丝缠牢
SpiderlingsNPCAdhesionHelpless,无力反抗
SpiderlingsNPCWrapping,结茧中
KDMapMod_SpiderlingsInfestation,幼蛛侵扰
KinkyDungeonMapModSpiderlingsInfestation,角落铺着蛛网，幼蛛沿丝缕来往，四下响着窸窣声。
KDEscapeMethod_SpiderlingsInfestation,摧毁目标巢穴
KDEscapeMethodDesc_SpiderlingsInfestation,这里最初筑起的几处蛛巢仍挂着丝缕。摧毁这些目标巢穴后，就能沿楼梯下行。
SpiderlingsInfestationProgress,目标巢穴已摧毁：CURRENT/5
SpiderlingsInfestationBlocked,还有目标巢穴尚未摧毁，暂时无法沿楼梯下行。（CURRENT/5）
SpiderlingsInfestationComplete,目标巢穴已全部摧毁，可以沿楼梯继续下行。（5/5）
KDModButtonspiderlingsInfestationWeight,幼蛛侵扰权重（0：关闭）
KDModButtonspiderlingsHuntingGroundsWeight,幼蛛猎场权重，仅女仆主派系（0：关闭）
KinkyDungeonInventoryItemSpiderlingTome,织缚魔典
KinkyDungeonInventoryItemSpiderlingTomeDesc,蛛丝穿过书脊，缠住翻起的书页。念出页间的咒文，散开的丝缕便层层收拢。
KinkyDungeonInventoryItemSpiderlingTomeDesc2,"主手或副手持有时，束缚强度增加20%。千丝归茧消耗4法力，射程6格。两回合后，蛛丝向中心收束，覆盖21格；敌人越靠近中心，受到的伤害和束缚越强。墙体会挡住蛛丝，冷却8回合。武器的丝缕留在目标身上。单凭这些蛛丝就足以让敌人无力反抗时，便会织成完整的茧，随挣脱逐渐松开。"
KinkyDungeonInventoryItemSpiderlingStaff,缠丝法杖
KinkyDungeonInventoryItemSpiderlingStaffDesc,杖头的细网托着微光。挥动时，丝束沿杖尖抽出，在目标身上一圈圈缠绕。
KinkyDungeonInventoryItemSpiderlingStaffDesc2,"缠丝束消耗2法力，射程6格，缠住首个命中的敌人，最多使其减速3回合。丝束不能穿墙，冷却3回合。丝缕缠在目标身上，随其移动。单凭武器的蛛丝就足以让敌人无力反抗时，便会织成完整的茧，随挣脱逐渐松开。"
ItemPickupSpiderlingTome,你拾起了织缚魔典。
ItemPickupSpiderlingStaff,你拾起了缠丝法杖。
KinkyDungeonSpecialSpiderlingTome,千丝归茧
KinkyDungeonSpecialSpiderlingStaff,缠丝束
KinkyDungeonSpellSpiderlingsCocoonConvergence,千丝归茧
KinkyDungeonSpellSpiderlingsSilkenSnare,缠丝束
KDPrereqFailSpiderlingsCocoonConvergence,千丝归茧需要4法力，须等冷却结束后再使用。
KDPrereqFailSpiderlingsSilkenSnare,缠丝束需要2法力，须等冷却结束后再使用。
KinkyDungeonSpellCastSpiderlingsCocoonConvergence,你织起一圈蛛丝，散开的丝缕开始向中央收拢。
KinkyDungeonSpellCastSpiderlingsSilkenSnare,你挥出一束黏韧的蛛丝，朝目标缠去。
SpiderlingsDebugStairBypass,调试楼梯绕过已启用；标记巢穴保持原状。
RestraintSpiderlingsSilkLeash,蛛丝牵引绳
RestraintSpiderlingsSilkLeashDesc,离开破开的围网后，追来的织网幼蛛可在再次命中时把丝绳接到项圈上，并尝试将你牵回场内。
RestraintSpiderlingsSilkLeashDesc2,需要兼容的项圈，且没有装备挡住丝绳。丝线连着参与牵引的幼蛛；没有幼蛛牵引时，绳子便松垂下来。
SpiderlingsRecoveryAttached,织网幼蛛接上了牵引丝线（{count}/8），下一次能够行动时，可能会将你拉回。
SpiderlingsRecoveryAttachBlocked,蛛丝命中了，却没能挂住。需要兼容的项圈，且没有装备挡住丝绳；这次没有接上牵引绳。
KinkyDungeonStruggleCutImpossibleSpiderlingsWebbing,"以你现在的状态，还无法割开TargetRestraint。"
KinkyDungeonStruggleCutImpossibleSpiderlingsWebbingAroused,"以你现在的状态，还无法割开TargetRestraint。"
KinkyDungeonStruggleCutImpossibleBoundSpiderlingsWebbing,"其他束缚让你握不稳刀刃，无法割开TargetRestraint。"
KinkyDungeonStruggleCutImpossibleBoundSpiderlingsWebbingAroused,"其他束缚让你握不稳刀刃，无法割开TargetRestraint。"
KinkyDungeonStruggleStruggleImpossibleSpiderlingsWebbing,"以你现在的状态，还无法挣脱TargetRestraint。"
KinkyDungeonStruggleStruggleImpossibleSpiderlingsWebbingAroused,"以你现在的状态，还无法挣脱TargetRestraint。"
KinkyDungeonStruggleStruggleImpossibleBoundSpiderlingsWebbing,"其他束缚缠得太紧，让你无法从TargetRestraint中挣脱。"
KinkyDungeonStruggleStruggleImpossibleBoundSpiderlingsWebbingAroused,"其他束缚缠得太紧，让你无法从TargetRestraint中挣脱。"
KinkyDungeonStruggleRemoveImpossibleSpiderlingsWebbing,"以你现在的状态，还无法解开TargetRestraint。"
KinkyDungeonStruggleRemoveImpossibleSpiderlingsWebbingAroused,"以你现在的状态，还无法解开TargetRestraint。"
KinkyDungeonStruggleRemoveImpossibleBoundSpiderlingsWebbing,"其他束缚妨碍着你的动作，让你无法解开TargetRestraint。"
KinkyDungeonStruggleRemoveImpossibleBoundSpiderlingsWebbingAroused,"其他束缚妨碍着你的动作，让你无法解开TargetRestraint。"
SpiderlingsRecoveryStand,稳住（{cost} 体力）
SpiderlingsRecoverySelect,丝线 {number}/{count}
SpiderlingsRecoveryCut,割断（{cost}）
SpiderlingsRecoveryRemove,拆开（{cost}）
SpiderlingsRecoveryStruggle,挣脱（{cost}）
SpiderlingsRecoveryStrandLoosened,你松动了选中的牵引丝线。
SpiderlingsRecoveryStrandSevered,你摆脱了选中的牵引丝线。
